question_id,question_text,question_type,introduction_text,request_for_answer_text,answer_options_text,instruction_text,quality_mean,language,study,domain,subdomain,concept,concept_subtype,response_scale_basic_choice,number_of_categories,position,question_name,is_gdpr_article_9
2d35367d7129,"Zum Schluss einige Fragen dazu, wie die Demokratie Ihrer Meinung nach gegenwärtig in Österreich funktioniert.  In welchem Maß können die Oppositionsparteien in Österreich Ihrer Meinung nach Kritik an der Regierung üben?",select_one,"Zum Schluss einige Fragen dazu, wie die Demokratie Ihrer Meinung nach gegenwärtig in Österreich funktioniert.",in welchem maß können die oppositionsparteien in österreich ihrer meinung nach kritik an der regierung üben?,"0 überhaupt nicht
1
2
3
4
5
6
7
8
9
10 voll und ganz","Zum Schluss einige Fragen dazu, wie die Demokratie Ihrer Meinung nach gegenwärtig in Österreich funktioniert.",0.56,German,ESS Round 6,National politics,.,All other simple concepts,Judgement,More than two-category scales,11,16,teste16,NA
b9f1b2ead8f4,"Und wo würden Sie auf dieser Skala die Partei einordnen, die Sie persönlich völlig ablehnen?",select_one,"",und wo würden sie auf dieser skala die partei einordnen die sie persönlich völlig ablehnen?,"00. extrem links
01. 
02.
03.
04.
05.
06.
07.
08.
09.
10. extrem rechts","",0.625,German,ESS Round 4,National politics,.,Feeling,.,More than two-category scales,11,297,testc24,NA
1bd8ea8942c7,The next few questions are on a different topic.  How much would you say the political system in [country] allows people like you to have a say in what the government does? Please tick one box.,select_one,The next few questions are on a different topic.,how much would you say the political system in [country] allows people like you to have a say in what the government does?,"Not at all
Very little
Some
Quite a lot
A lot",The next few questions are on a different topic.,0.546,English,ESS Round 7,National politics,.,All other simple concepts,Policy,More than two-category scales,5,217,testf4,NA
37d0520cb84f,It is unfair that elderly people get to vote on issues that will impact younger people much more.,select_one,"",it is unfair that elderly people get to vote on issues that will impact younger people much more,"Strongly agree
Agree
Slightly agree
Neither agree nor disagree
Slightly disagree
Disagree
Strongly disagree","",0.528,English,Pretest SDM 2019,National politics,.,Complex concepts,Other,More than two-category scales,7,31,age20,NA
376aba757e94,Please indicate to what extent you agree or disagree with each of the following statements about doctors in general.  Doctors usually keep the whole truth from their patients,select_one,"",please indicate to what extent you agree or disagree with each of the following statements about doctors in general doctors usually keep the whole truth from their patients,"1 agree strongly
2 agree
3 neither agree nor disagree
4 disagree 
5 disagree strongly","",0.403,English,ESS Round 2,Health,Doctor's treatment,Evaluative belief,.,More than two-category scales,5,399,testa28,NA
3049e65fdb33,"Jetzt einige Fragen dazu, wie die Demokratie Ihrer Meinung nach gegenwärtig in Österreich funktioniert.  Wie oft können die Oppositionsparteien in Österreich Ihrer Meinung nach Kritik an der Regierung üben?  Wie oft können die Medien in Österreich Ihrer Meinung nach Kritik an der Regierung üben?",select_one,"Jetzt einige Fragen dazu, wie die Demokratie Ihrer Meinung nach gegenwärtig in Österreich funktioniert.",wie oft können die medien in österreich ihrer meinung nach kritik an der regierung üben?,"0 nie
1
2
3
4
5
6
7
8
9
10 immer","Jetzt einige Fragen dazu, wie die Demokratie Ihrer Meinung nach gegenwärtig in Österreich funktioniert. Wie oft können die Oppositionsparteien in Österreich Ihrer Meinung nach Kritik an der Regierung üben?",0.537,German,ESS Round 6,National politics,.,All other simple concepts,Judgement,More than two-category scales,11,8,teste8,NA
40632aa9e637,If you had to choose between the following options which one would you prefer?  Please show how close your opinion is to the statements below by choosing a number between 1 and 5.,select_one,If you had to choose between the following options which one would you prefer?,please show how close your opinion is to the statements below by choosing a number between 1 and 5,"01 Men should take as much responsibility as women for the home and the children
02
03
04
05 Women should take more responsibility for the home and the children",If you had to choose between the following options which one would you prefer?,0.444,English,ESS Round 2,Family,Household matters,All other simple concepts,Norm,More than two-category scales,5,408,testa23,NA
ad89644a7274,An alle  Wie viel Zeit verbringen Sie an einem normalen Wochentag mit Radiohören?,select_one,"",an alle wie viel zeit verbringen sie an einem normalen wochentag mit radiohören?,"gar keine Zeit  
weniger als ½ Stunde
mehr als ½ Stunde, bis zu 1 Stunde  
mehr als 1 Stunde, bis zu 1 ½ Stunden 
mehr als 1½ Stunden, bis zu 2 Stunden 
mehr als 2 Stunden, bis zu 2½ Stunden
mehr als 2½ Stunden, bis zu 3 Stunden 
3 Stunden und mehr","",0.584,German,ESS Round 1,Living conditions and background variables,Place of birth,Expectation of future events,.,More than two-category scales,8,6,RdTot,NA
954ea76ade67,"Based on what you believe, how much do you agree or disagree with the following statements?  Smoking can cause… mouth cancer in smokers.",select_one,"",based on what you believe how much do you agree or disagree with the following statements? smoking can cause… mouth cancer in smokers,"Strongly agree
Agree
Neither agree nor disagree
Disagree
Strongly disagree","",0.51,English,AC_HAP,Health,Use of drugs,All other simple concepts,Relationship,More than two-category scales,5,3,.,NA
08bc35e5853b,It is unfair that older people can have a say on issues that will impact younger people much more.,select_one,"",it is unfair that older people can have a say on issues that will impact younger people much more,"Completely agree
Agree
Disagree
Completely disagree","",0.552,English,Pretest SDM 2019,National politics,.,Complex concepts,Other,More than two-category scales,4,29,age30,NA
4c3c382d65e2,"We´d like to ask you about housework. By housework we mean things done around the home, such as cooking, washing, cleaning, care of clothes, shopping,maintenance of property, but not including childcare, looking after other people and leisure activities.  On a typical weekday about how many hours in total do people in your household spend on housework for your home?.  Write in hours:",integer,"We´d like to ask you about housework. By housework we mean things done around the home, such as cooking, washing, cleaning, care of clothes, shopping,maintenance of property, but not including childcare, looking after other people and leisure activities.",on a typical weekday about how many hours in total do people in your household spend on housework for your home? write in hours:,.,"We´d like to ask you about housework. By housework we mean things done around the home, such as cooking, washing, cleaning, care of clothes, shopping,maintenance of property, but not including childcare, looking after other people and leisure activities.",-1.0,English,ESS Round 2,Family,Household matters,"Facts, background, or behaviour",.,Numerical open-ended answers,.,400,testa15,NA
ec96c56a7738,Now some questions about people from other countries coming to live in Ireland.  Please read each question and tick the box on each line that shows how much you agree or disagree with each of the following statements.  Ireland should allow more people of the same race or ethnic group as most Irish people to come and live here,select_one,Now some questions about people from other countries coming to live in Ireland.,please read each question and tick the box on each line that shows how much you agree or disagree with each of the following statements ireland should allow more people of the same race or ethnic group as most irish people to come and live here,"0 Disagree strongly
1
2
3
4
5
6
7 Agree strongly",Now some questions about people from other countries coming to live in Ireland.,0.513,English,ESS Round 3,National politics,.,All other simple concepts,Policy,More than two-category scales,8,322,testb25,NA
8a3785d90394,Elderly people are a large benefit for our society due to their experience.,select_one,"",elderly people are a large benefit for our society due to their experience,"Strongly agree
Agree
Slightly agree
Neither agree nor disagree
Slightly disagree
Disagree
Strongly disagree","",0.514,English,Pretest SDM 2019,Other domains,.,Complex concepts,Other,More than two-category scales,7,23,age23a,NA
38665d2fe499,Should the government take measures to reduce differences in income levels ? Please tick one box.,select_one,"",should the government take measures to reduce differences in income levels ?,"Definitely 
Probably 
Not sure either way 
Probably not 
Definitely not","",0.624,English,ESS Round 1,National politics,.,All other simple concepts,Policy,More than two-category scales,5,285,TEST35,NA
f34be13e0633,‘I like planning and preparing for the future,select_one,"",'i like planning and preparing for the future,"0 Disagree strongly
1
2
3
4
5
6
7
8
9
10 Agree strongly","",0.602,English,ESS Round 3,Living conditions and background variables,Other,Feeling,.,More than two-category scales,11,330,testb33,NA
552a99d534aa,I feel close to the people in my local area,select_one,"",i feel close to the people in my local area,"0 Disagree strongly
1
2
3
4
5
6
7 Agree strongly","",0.555,English,ESS Round 3,Personal relations,Neighbours,Evaluative belief,.,More than two-category scales,8,333,testb36,NA
75bac3f2719e,Older people are often too much of a burden on families.,select_one,"",older people are often too much of a burden on families,"Strongly agree
Agree
Slightly agree
Slightly disagree
Disagree
Strongly disagree","",0.509,English,Pretest SDM 2019,Family,Relations to members,Complex concepts,Other,More than two-category scales,6,21,age02,NA
a1db01de7a08,"Nun ein paar Fragen dazu, wie Sie sich in der letzten Woche gefühlt haben oder was Sie in der letzten Woche getan haben könnten.  Wie oft in der letzten Woche haben Sie sich einsam gefühlt?",select_one,"Nun ein paar Fragen dazu, wie Sie sich in der letzten Woche gefühlt haben oder was Sie in der letzten Woche getan haben könnten.",wie oft in der letzten woche haben sie sich einsam gefühlt?,"0 nie oder fast nie
1
2
3 immer oder fast immer","Nun ein paar Fragen dazu, wie Sie sich in der letzten Woche gefühlt haben oder was Sie in der letzten Woche getan haben könnten.",0.557,German,ESS Round 6,Health,Personal mental health condition,Feeling,.,More than two-category scales,4,6,teste6,NA
a9d3a8a66e5e,How able do you think you are to take an active role in a group involved with political issues? Please tick one box.,select_one,"",how able do you think you are to take an active role in a group involved with political issues?,"Not at all able
A little able
Quite able
Very able
Completely able","",0.5455,English,ESS Round 7,Personal relations,Membership of organisations,All other simple concepts,Action tendency,More than two-category scales,5,220,testf16,NA
91d76150176f,Now thinking about the Irish government how satisfied are you with the way it is doing its job?,select_one,"",how satisfied are you with the way it is doing its job?,"0 extremely dissatiesfied
01
02
03
04
05 neither satisfied nor dissatiesfied
06
07
08
09
10 extremely satisfied","",0.633,English,ESS Round 2,National politics,.,Feeling,.,More than two-category scales,11,410,testa12,NA
b4814ac2330b,Older people often stand in the way of  progress in society.,select_one,"",older people often stand in the way of progress in society,"Completely agree
Agree
Disagree
Completely disagree","",0.538,English,Pretest SDM 2019,Other domains,.,Complex concepts,Other,More than two-category scales,4,25,age36,NA
daf274c326d4,I think I could take an active role in a group involved with political issues.  Please tick one box.,select_one,"",i think i could take an active role in a group involved with political issues,"Agree strongly
Agree
Neither agree or disagree
Disagree
Disagree strongly","",0.604,English,ESS Round 1,National politics,.,All other simple concepts,Action tendency,More than two-category scales,5,285,TEST23,NA
5b6bd67c2e6a,"Nun ein paar Fragen dazu, wie Sie sich in der letzten Woche gefühlt haben oder was Sie in der letzten Woche getan haben könnten.  Wie sehr haben Sie sich in der letzten Woche deprimiert oder niedergeschlagen gefühlt?",select_one,"Nun ein paar Fragen dazu, wie Sie sich in der letzten Woche gefühlt haben oder was Sie in der letzten Woche getan haben könnten.",wie sehr haben sie sich in der letzten woche deprimiert oder niedergeschlagen gefühlt?,"0 überhaupt nicht deprimiert oder niedergeschlagen 
1
2
3 äußerst deprimiert oder niedergeschlagen","Nun ein paar Fragen dazu, wie Sie sich in der letzten Woche gefühlt haben oder was Sie in der letzten Woche getan haben könnten.",0.544,German,ESS Round 6,Health,Personal mental health condition,Feeling,.,More than two-category scales,4,13,teste13,NA
177663fb5f9d,Older people are frequently a burden on their families.,select_one,"",older people are frequently a burden on their families,"Strongly agree
Agree
Neither agree nor disagree
Disagree
Strongly disagree","",0.472,English,Pretest SDM 2019,Family,Relations to members,Complex concepts,Other,More than two-category scales,5,21,age12,NA
3ad36e221be2,Please indicate to what extent you agree or disagree with each of the following statements.     Sometimes politics seems so complicated that I can’t really understand what is going on. Please tick one box.,select_one,"",please indicate to what extent you agree or disagree with each of the following statements sometimes politics seems so complicated that i can't really understand what is going on,"Agree strongly
  Agree
  Neither agree nor disagree
  Disagree
  Disagree strongly","",0.531,English,ESS Round 1,National politics,.,Evaluative belief,.,More than two-category scales,5,284,TEST22,NA
eb2f5678fd86,How likely are you to attend a political protest that aligns with your political beliefs or ideology?,select_one,"",how likely are you to attend a political protest that aligns with your political beliefs or ideology?,"Very Likely
Likely
Somewhat Likely
Somewhat Unlikely
Unlikely
Very Unlikely","",0.16125,English,Random,National politics,.,"Facts, background, or behaviour",.,More than two-category scales,6,1,.,NA
b205cc85eb62,Elderly people don’t really need to get the best seats on buses and trains.,select_one,"",elderly people don't really need to get the best seats on buses and trains,"Strongly agree
Agree
Neither agree nor disagree
Disagree
Strongly disagree","",0.523,English,Pretest SDM 2019,Other domains,.,Complex concepts,Other,More than two-category scales,5,26,age55,NA
c9cb3e5ac5e5,"Ich bin zufrieden mit der Art und Weise, wie die österreichische Bundesregierung ihre Arbeit verrichtet.",select_one,"",ich bin zufrieden mit der art und weise wie die österreichische bundesregierung ihre arbeit verrichtet,"1. stimme stark zu
2. stimme zu
3. weder noch
4. stimme nicht zu
5. stimme überhaupt nicht zu","",0.546,German,ESS Round 4,National politics,.,Feeling,.,More than two-category scales,5,293,testc20,NA
fa4076a8db98,Having children restricts the employment opportunities of one or both parents.,select_one,"",having children restricts the employment opportunities of one or both parents,"Completely agree
Agree
Disagree
Completely disagree","",0.504,English,Pretest SDM 2019,Family,Relations to members,Complex concepts,Other,More than two-category scales,4,17,attchi44,NA
0fcd6e77f430,Having children restricts the career chances of one or both parents.,select_one,"",having children restricts the career chances of one or both parents,"Strongly agree
Agree
Neither agree nor disagree
Disagree
Strongly disagree","",0.48500000000000004,English,Pretest SDM 2019,Family,Relations to members,Complex concepts,Other,More than two-category scales,5,18,attchi24,NA
15888c6a64a9,Now some questions about how likely it is that you would be caught and punished if you did certain things in [country].  How likely is it that you would be caught and punished in [country] if you committed a traffic offence like speeding or crossing a red light?  How likely is it that you would be caught and punished if you committed a traffic offence like speeding or crossing a red light? Please tick one box.,select_one,Now some questions about how likely it is that you would be caught and punished if you did certain things in [country].,how likely is it that you would be caught and punished if you committed a traffic offence like speeding or crossing a red light?,"1 Not at all likely 
2 Not very likely 
3 Likely 
4 Very likely",Now some questions about how likely it is that you would be caught and punished if you did certain things in [country]. How likely is it that you would be caught and punished in [country] if you committed a traffic offence like speeding or crossing a red light?,0.517,English,ESS Round 5,National politics,.,All other simple concepts,Judgement,More than two-category scales,4,310,testd12,NA
bb2fa6ebc60a,"At a certain point, older people’s maximum benefit to society is passing along their knowledge and experiences.",select_one,"",at a certain point older people's maximum benefit to society is passing along their knowledge and experiences,"Completely agree
Agree
Disagree
Completely disagree","",0.49700000000000005,English,Pretest SDM 2019,Other domains,.,Complex concepts,Other,More than two-category scales,4,23,age33,NA
443961ac02b9,Younger people are usually more productive than older people at their jobs.,select_one,"",younger people are usually more productive than older people at their jobs,"Strongly agree
Agree
Neither agree nor disagree
Disagree
Strongly disagree","",0.532,English,Pretest SDM 2019,Work,Other,Complex concepts,Other,More than two-category scales,5,28,age19,NA
261a6346ca5a,"If older people were (more) supportive of change, we would make better progress as a society.",select_one,"",if older people were (more) supportive of change we would make better progress as a society,"Strongly agree
Agree
Neither agree nor disagree
Disagree
Strongly disagree","",0.514,English,Pretest SDM 2019,Other domains,.,Complex concepts,Other,More than two-category scales,5,25,age16,NA
dd9bbd4d92c4,Having children interferes with the freedom of parents.,select_one,"",having children interferes with the freedom of parents,"Completely agree
Agree
Disagree
Completely disagree","",0.496,English,Pretest SDM 2019,Family,Relations to members,Complex concepts,Other,More than two-category scales,4,15,attchi42,NA
b27b3a30c275,Employment and career chances of parents are restricted through having children.,select_one,"",employment and career chances of parents are restricted through having children,"Strongly agree
Agree
Neither agree nor disagree
Disagree
Strongly disagree","",0.459,English,Pretest SDM 2019,Family,Relations to members,Complex concepts,Other,More than two-category scales,5,17,attchi14,NA
6afc212368d3,And about how many of these hours do you spend yourself?  Write in hours,integer,"",and about how many of these hours do you spend yourself? write in hours,.,"",-1.0,English,ESS Round 2,Family,Household matters,"Facts, background, or behaviour",.,Numerical open-ended answers,.,401,testa03,NA
cdb1065e4afd,If you had to choose between the following options which would you prefer?  Please indicate on a scale of 0 to 10 how much you personally trust each of the following institutions.0 means that you do not trust an institution at all and 10 means you have complete trust.  Please indicate on a scale from 0 to 10 how much you personally trust each of the following institutions. 0 means that you do not trust at all and 10 means you have complete trust.  the dáil,select_one,If you had to choose between the following options which would you prefer?,please indicate on a scale from 0 to 10 how much you personally trust each of the following institutions 0 means that you do not trust at all and 10 means you have complete trust the dáil,"0 no trust at all
01
02
03
04
05
06
07
08
09
10 complete trust",If you had to choose between the following options which would you prefer? Please indicate on a scale of 0 to 10 how much you personally trust each of the following institutions.0 means that you do not trust an institution at all and 10 means you have complete trust.,0.673,English,ESS Round 2,National politics,.,Feeling,.,More than two-category scales,11,410,testa25,NA
d8622d73cf1d,Most elderly people don’t know when to make way for younger people.,select_one,"",most elderly people don't know when to make way for younger people,"Strongly agree
Agree
Neither agree nor disagree
Disagree
Strongly disagree","",0.526,English,Pretest SDM 2019,Other domains,.,Complex concepts,Other,More than two-category scales,5,29,age58,NA
029b9227190b,"When parents have become old, their adult children are an important support for them.",select_one,"",when parents have become old their adult children are an important support for them,"Strongly agree
Agree
Neither agree nor disagree
Disagree
Strongly disagree","",0.47,English,Pretest SDM 2019,Family,Relations to members,Complex concepts,Other,More than two-category scales,5,19,attchi16,NA
e7bab7084ec1,"Bitte lesen Sie die folgenden Aussagen und kreuzen Sie bei jeder an, wie sehr Sie  ihr zustimmen oder nicht zustimmen.  Der Staat sollte Maßnahmen ergreifen, um Einkommensunterschiede zu reduzieren.",select_one,"",bitte lesen sie die folgenden aussagen und kreuzen sie bei jeder an wie sehr sie ihr zustimmen oder nicht zustimmen der staat sollte maßnahmen ergreifen um einkommensunterschiede zu reduzieren,"1. stimme stark zu
2. stimme zu
3. weder noch
4. stimme nicht zu
5. stimme überhaupt nicht zu","",0.556,German,ESS Round 4,National politics,.,All other simple concepts,Policy,More than two-category scales,5,292,testc31,NA
742907f2512c,The first set of questions is about the roles of men and women today.  To what extent do you agree or disagree with each of the following statements?  Please select one answer for each statement.   A working mother can establish just as warm and secure a relationship with her children as a mother who does not work.,select_one,The first set of questions is about the roles of men and women today.,to what extent do you agree or disagree with each of the following statements? please select one answer for each statement a working mother can establish just as warm and secure a relationship with her children as a mother who does not work,"Completely agree
Agree
Disagree
Completely disagree",The first set of questions is about the roles of men and women today.,0.421,English,Pretest SDM 2019,Family,Relations to members,Complex concepts,Other,More than two-category scales,4,6,genrol31,NA
f5543e517c69,"In der Politik wird manchmal von „links” und „rechts” gesprochen.  Wo würden Sie sich selbst auf dieser Skala einordnen, wenn 0 für „links“ und 10 für „rechts“ steht.",select_one,In der Politik wird manchmal von „links” und „rechts” gesprochen.,"wo würden sie sich selbst auf dieser skala einordnen wenn 0 für ""links"" und 10 für ""rechts"" steht","0 links
1
2
3
4
5
6
7
8
9
10 rechts",In der Politik wird manchmal von „links” und „rechts” gesprochen.,0.588,German,ESS Round 4,National politics,.,All other simple concepts,Judgement,More than two-category scales,11,295,testc34,NA
f2ae333df88c,"Nun würden wir Ihnen gerne ein paar Fragen zu Staat und Politik stellen.  Glauben Sie, dass die meisten Menschen versuchen, Sie auszunutzen, wenn sie die  Möglichkeit dazu hätten, oder würden sie sich Ihnen gegenüber fair verhalten?  Glauben Sie, dass die meisten Menschen Ihr Vertrauen verdienen oder dass nur die  wenigsten Menschen Ihr Vertrauen verdienen?",select_one,Nun würden wir Ihnen gerne ein paar Fragen zu Staat und Politik stellen.,glauben sie dass die meisten menschen ihr vertrauen verdienen oder dass nur die wenigsten menschen ihr vertrauen verdienen?,"1. nur wenige Menschen verdienen mein Vertrauen.
2. die meisten Menschen verdienen mein Vertrauen.","Nun würden wir Ihnen gerne ein paar Fragen zu Staat und Politik stellen. Glauben Sie, dass die meisten Menschen versuchen, Sie auszunutzen, wenn sie die
Möglichkeit dazu hätten, oder würden sie sich Ihnen gegenüber fair verhalten?",0.512,German,ESS Round 4,Personal relations,Norms of other people,Evaluative belief,.,Two-category scales,.,291,testc6,NA
6876baa70fbd,I generally feel that what I do in my life is valuable  and worthwhile.,select_one,"",i generally feel that what i do in my life is valuable and worthwhile,"1 Agree strongly
2 Agree 
3 Neither agree nor disagree
4 Disagree 
5 Disagree strongly","",0.543,English,ESS Round 3,Living conditions and background variables,Other,Feeling,.,More than two-category scales,5,331,testb10,NA
82ae96754d75,The government should take measures to reduce differences in income levels. Please tick one box.,select_one,"",the government should take measures to reduce differences in income levels,"Agree strongly
Agree
Neither agree or disagree
Disagree
Disagree strongly","",0.62,English,ESS Round 1,National politics,.,All other simple concepts,Policy,More than two-category scales,5,279,TEST17,NA
a49fb0ea29c6,Now thinking about the Irish government how satisfied are you with the way it is doing its job?  Please tick the box that is closest to your opinion.,select_one,"",how satisfied are you with the way it is doing its job?,"0 very dissatisfied
01
02
03
04
05
06
07
08
09
10 very satisfied","",0.651,English,ESS Round 2,National politics,.,Feeling,.,More than two-category scales,11,407,testa36,NA
2b5869f9b69b,Younger people are usually more productive than elderly people at their jobs.,select_one,"",younger people are usually more productive than elderly people at their jobs,"Strongly agree
Agree
Slightly agree
Neither agree nor disagree
Slightly disagree
Disagree
Strongly disagree","",0.528,English,Pretest SDM 2019,Work,Other,Complex concepts,Other,More than two-category scales,7,30,age29,NA
e317012e0fac,"Bei den letzten Fragen geht es darum, wie Sie sich in der letzten Woche gefühlt haben oder was Sie in der letzten Woche getan haben könnten.  Wie sehr haben Sie sich in der letzten Woche deprimiert oder niedergeschlagen gefühlt?  In welchem Maß haben Sie sich in der letzten Woche einsam gefühlt?",select_one,"Bei den letzten Fragen geht es darum, wie Sie sich in der letzten Woche gefühlt haben oder was Sie in der letzten Woche getan haben könnten.",in welchem maß haben sie sich in der letzten woche einsam gefühlt?,"0 überhaupt nicht einsam
1
2
3
4
5
6
7
8
9 äußerst einsam","Bei den letzten Fragen geht es darum, wie Sie sich in der letzten Woche gefühlt haben oder was Sie in der letzten Woche getan haben könnten. Wie sehr haben Sie sich in der letzten Woche deprimiert oder niedergeschlagen gefühlt?",0.569,German,ESS Round 6,Health,Personal mental health condition,Feeling,.,More than two-category scales,10,27,teste27,NA
dd51f07e6c07,Please indicate to what extent you agree or disagree with each of the following statements.  I generally feel that what I do in my life is valuable and worthwhile,select_one,"",please indicate to what extent you agree or disagree with each of the following statements i generally feel that what i do in my life is valuable and worthwhile,"1 Agree strongly
2 Agree 
3 Neither agree nor disagree
4 Disagree 
5 Disagree strongly","",0.513,English,ESS Round 3,Living conditions and background variables,Other,Feeling,.,More than two-category scales,5,343,testb22,NA
603f5c0d7bfe,"Die Fragen beziehen sich auf Menschen, die aus anderen Ländern nach Österreich kommen, um hier zu leben.  Würden Sie sagen, dass es generell schlecht oder gut für die österreichische Wirtschaft ist, dass Zuwanderer nach Österreich kommen, um hier zu leben?",select_one,"Die Fragen beziehen sich auf Menschen, die aus anderen Ländern nach Österreich kommen, um hier zu leben.",würden sie sagen dass es generell schlecht oder gut für die österreichische wirtschaft ist dass zuwanderer nach österreich kommen um hier zu leben?,"0 schlecht für die Wirtschaft
1
2
3
4
5
6 gut für die Wirtschaft","Die Fragen beziehen sich auf Menschen, die aus anderen Ländern nach Österreich kommen, um hier zu leben.",0.599,German,ESS Round 6,National politics,.,Evaluative belief,.,More than two-category scales,7,18,teste19,NA
c4f181218066,Fathers are just as capable of looking after their children as mothers.,select_one,"",fathers are just as capable of looking after their children as mothers,"Strongly agree
Agree
Neither agree nor disagree
Disagree
Strongly disagree","",0.47,English,Pretest SDM 2019,Family,Relations to members,Complex concepts,Other,More than two-category scales,5,12,genrol27,NA
827b12aae4d2,"In your opinion, do you think that some types of cigarettes are less harmful to a person's health than other types?",select_one,"",in your opinion do you think that some types of cigarettes are less harmful to a person's health than other types?,"Yes
No
I don’t know","",0.4575,English,AC_HAP,Health,Use of drugs,Evaluative belief,.,More than two-category scales,3,3,.,NA
e4ca548ecc6d,In der Politik wird manchmal von „links” und „rechts” gesprochen.  Wo würden Sie sich selbst auf dieser Skala einordnen?,select_one,In der Politik wird manchmal von „links” und „rechts” gesprochen.,wo würden sie sich selbst auf dieser skala einordnen?,"00. extrem links
01. 
02.
03.
04.
05.
06.
07.
08.
09.
10. extrem rechts",In der Politik wird manchmal von „links” und „rechts” gesprochen.,0.55,German,ESS Round 4,National politics,.,All other simple concepts,Judgement,More than two-category scales,11,295,testc22,NA
7cdb97714ea3,How harmful do you think cigarettes are to health?,select_one,"",how harmful do you think cigarettes are to health?,"Not at all harmful
Slightly harmful
Somewhat harmful
Very harmful
Extremely harmful","",0.52,English,AC_HAP,Health,Use of drugs,Evaluative belief,.,More than two-category scales,5,3,.,NA
8738443d90cf,Fathers are as well suited to look after their children as mothers.,select_one,"",fathers are as well suited to look after their children as mothers,"Completely agree
Agree
Disagree
Completely disagree","",0.504,English,Pretest SDM 2019,Family,Relations to members,Complex concepts,Other,More than two-category scales,4,12,genrol47,NA
b28329a031ff,Now some questions about how likely it is that you would be caught and punished if you did certain things in [country].  How likely is it that you would be caught and punished in [country] if you made an exaggerated or false insurance claim? Please tick one box.,select_one,Now some questions about how likely it is that you would be caught and punished if you did certain things in [country].,how likely is it that you would be caught and punished in [country] if you made an exaggerated or false insurance claim?,"1 Very unlikely
2
3
4 Very likely",Now some questions about how likely it is that you would be caught and punished if you did certain things in [country].,0.483,English,ESS Round 5,National politics,.,All other simple concepts,Judgement,More than two-category scales,4,305,testd19,NA
ccd2a6bd5349,"At a certain point, older people’s maximum benefit to society is passing along their resources.",select_one,"",at a certain point older people's maximum benefit to society is passing along their resources,"Completely agree
Agree
Disagree
Completely disagree","",0.508,English,Pretest SDM 2019,Other domains,.,Complex concepts,Other,More than two-category scales,4,23,age43,NA
1a5e8e9eb4f6,"On an average weekday, how much time, in total, do you spend reading the newspapers?  On an average weekday, how much time, in total, do you spend watching television ? Please tick one box.",select_one,"",on an average weekday how much time in total do you spend watching television ?,"No time at all
      Very little time
      A little time
      Some time 
      Quite a lot of time 
      A lot of time 
      A great deal of time","On an average weekday, how much time, in total, do you spend reading the newspapers?",-1.0,English,ESS Round 1,Leisure activities,Television,"Facts, background, or behaviour",.,More than two-category scales,7,281,TEST19,NA
1fd81cfb8a92,Would you say that most of the time people try to be helpful or that they are mostly looking out for themselves ? Please tick one box.,select_one,"",would you say that most of the time people try to be helpful or that they are mostly looking out for themselves ?,"People mostly look out for themselves     
People mostly try to be helpful","",0.491,English,ESS Round 1,Personal relations,Norms of other people,Evaluative belief,.,Two-category scales,.,280,TEST30,NA
02a364fe8092,Now some questions about people from other countries coming to live in Ireland.  And how much do you agree or disagree that Ireland ´s cultural life is generally undermined by people coming to live here from other countries?  How much do you agree or disagree that Ireland is made a worse place to live by people coming here from other countries?,select_one,Now some questions about people from other countries coming to live in Ireland.,how much do you agree or disagree that ireland is made a worse place to live by people coming here from other countries?,"0 Disagree strongly
1
2
3
4
5
6
7
8
9
10 Agree strongly",Now some questions about people from other countries coming to live in Ireland. And how much do you agree or disagree that Ireland ´s cultural life is generally undermined by people coming to live here from other countries?,0.483,English,ESS Round 3,Living conditions and background variables,Place of residence,All other simple concepts,Evaluation,More than two-category scales,11,339,testb18,NA
599d97b30a62,"We´d like to ask you about housework. By housework we mean things done around the home , such as cooking, washing, cleaning, care of clothes, shopping, maintenance of property, but not including childcare, looking after people and leisure activities.  On a typical weekday about how many hours in total do people in your household spend on housework for your home? Write in hours:",integer,"We´d like to ask you about housework. By housework we mean things done around the home , such as cooking, washing, cleaning, care of clothes, shopping, maintenance of property, but not including childcare, looking after people and leisure activities.",on a typical weekday about how many hours in total do people in your household spend on housework for your home? write in hours:,.,"We´d like to ask you about housework. By housework we mean things done around the home , such as cooking, washing, cleaning, care of clothes, shopping, maintenance of property, but not including childcare, looking after people and leisure activities.",-1.0,English,ESS Round 2,Family,Household matters,"Facts, background, or behaviour",.,Numerical open-ended answers,.,400,testa02,NA
f45132e5b1bb,The questions are about the police in [country].  Based on what you have heard or your own experience how successful do you think the police are at preventing crimes in [country] where violence is used or threatened? Please tick one box.,select_one,The questions are about the police in [country].,based on what you have heard or your own experience how successful do you think the police are at preventing crimes in [country] where violence is used or threatened?,"0 Extremely unsuccessful 
1 Very unsuccessful
2 Rather unsuccessful 
3 Neither unsuccessful nor successful 
4 Rather successful 
5 Very successful 
6 Extremely successful",The questions are about the police in [country].,0.464,English,ESS Round 5,National politics,.,All other simple concepts,Evaluation,More than two-category scales,7,302,testd04,NA
8dcb8decfed0,Is it generally good for Great Britain if government intervenes less in the economy ? Please tick one box.,select_one,"",is it generally good for great britain if government intervenes less in the economy ?,"Definitely
      Probably
      Not sure either way
      Probably not  
      Definitely not","",0.54,English,ESS Round 1,National politics,.,Evaluative belief,.,More than two-category scales,5,284,TEST34,NA
e5207e1617b8,The older generation has an unfair amount of political power compared to younger people.,select_one,"",the older generation has an unfair amount of political power compared to younger people,"Strongly agree
Agree
Slightly agree
Neither agree nor disagree
Slightly disagree
Disagree
Strongly disagree","",0.525,English,Pretest SDM 2019,National politics,.,Complex concepts,Other,More than two-category scales,7,28,age27,NA
422ceec8473b,[Is/Was] [your regular brand/the last brand] you [smoke/smoked] flavored to taste like menthol or mint?,select_one,"",[is/was] [your regular brand/the last brand] you [smoke/smoked] flavored to taste like menthol or mint?,"Yes
No
I don't know","",-0.22799999999999998,English,AC_HAP,Health,Use of drugs,"Facts, background, or behaviour",.,More than two-category scales,3,2,.,NA
19d8ac598dab,Wie viel Zeit verbringen Sie an einem normalen Wochentag insgesamt mit Fernsehen?,select_one,"",wie viel zeit verbringen sie an einem normalen wochentag insgesamt mit fernsehen?,"0. überhaupt keine Zeit
1. sehr wenig Zeit.
2. ein wenig Zeit.
3. einige Zeit.
4. recht viel Zeit.
5. viel Zeit.
6. sehr viel Zeit.","",-1.0,German,ESS Round 4,Leisure activities,Television,"Facts, background, or behaviour",.,More than two-category scales,7,286,testc13,NA
17c7d61ef66f,"Generally speaking, would you say that most people can be trusted, or that you can’t be too careful in dealing with people ? Please tick one box.",select_one,"",generally speaking would you say that most people can be trusted or that you can't be too careful in dealing with people ?,"You can’t be too careful
      Most people can be trusted","",0.5035000000000001,English,ESS Round 1,Personal relations,Norms of other people,Feeling,.,Two-category scales,.,278,TEST28,NA
8d026521f02b,"Wenn Sie wieder an einen normalen Wochentag denken, wie viel von Ihrer Fernsehzeit verbringen Sie damit, sich Nachrichten oder Sendungen über Politik und über das aktuelle Geschehen anzusehen? Verwenden Sie weiterhin diese Karte.",select_one,"",wenn sie wieder an einen normalen wochentag denken wie viel von ihrer fernsehzeit verbringen sie damit sich nachrichten oder sendungen über politik und über das aktuelle geschehen anzusehen? verwenden sie weiterhin diese karte,"gar keine Zeit 
weniger als ½ Stunde 
mehr als ½ Stunde, bis zu 1 Stunde
mehr als 1 Stunde, bis zu 1 ½ Stunden
mehr als 1½ Stunden, bis zu 2 Stunden
mehr als 2 Stunden, bis zu 2½ Stunden
mehr als 2½ Stunden, bis zu 3 Stunden
3 Stunden und mehr","",0.542,German,ESS Round 1,National politics,.,Evaluative belief,.,More than two-category scales,8,0,TvPol,NA
c309b8427e4c,Please indicate the extent to which you agree or disagree with the following statements. ‘I generally feel that what I do in my life is valuable and worthwhile,select_one,"",please indicate the extent to which you agree or disagree with the following statements 'i generally feel that what i do in my life is valuable and worthwhile,"0 Disagree strongly
1
2
3
4
5
6
7 Agree strongly","",0.545,English,ESS Round 3,Living conditions and background variables,Other,Feeling,.,More than two-category scales,8,331,testb34,NA
91dd66435463,"Glauben Sie, dass die meisten Menschen versuchen, Sie auszunutzen, wenn sie die  Möglichkeit dazu hätten, oder würden sie sich Ihnen gegenüber fair verhalten?  Glauben Sie, dass die meisten Menschen Ihr Vertrauen verdienen oder dass nur die  wenigsten Menschen Ihr Vertrauen verdienen?",select_one,"",glauben sie dass die meisten menschen ihr vertrauen verdienen oder dass nur die wenigsten menschen ihr vertrauen verdienen?,"0. sehr wenige Menschen verdienen mein Vertrauen
1.
2.
3.
4.
5. die meisten Menschen verdienen mein Vertrauen","Glauben Sie, dass die meisten Menschen versuchen, Sie auszunutzen, wenn sie die
Möglichkeit dazu hätten, oder würden sie sich Ihnen gegenüber fair verhalten?",0.604,German,ESS Round 4,Personal relations,Norms of other people,Evaluative belief,.,More than two-category scales,6,288,testc27,NA
673288f5e084,On the whole how satisfied are you with the present state of the economy in Ireland?  Please tick the box that is closest to your opinion.,select_one,"",on the whole how satisfied are you with the present state of the economy in ireland?,"0 very dissatisfied
01
02
03
04
05
06
07
08
09
10 very satisfied","",0.638,English,ESS Round 2,National politics,.,Feeling,.,More than two-category scales,11,406,testa35,NA
cff2ab2e9237,On the whole how satisfied are you with the way democracy works in Ireland?  Please tick the box that is closest to your opinion.,select_one,"",on the whole how satisfied are you with the way democracy works in ireland?,"0 very dissatisfied
01
02
03
04
05
06
07
08
09
10 very satisfied","",0.644,English,ESS Round 2,National politics,.,Feeling,.,More than two-category scales,11,408,testa37,NA
2624d484fb35,And now some questions about how you feel about yourself and your life.  Please indicate to what extent each of the following statements applies to you. ‘I love learning new things’,select_one,And now some questions about how you feel about yourself and your life.,please indicate to what extent each of the following statements applies to you 'i love learning new things',"0 Not at all 
1
2
3
4
5
6
7
8
9
10 Very much",And now some questions about how you feel about yourself and your life.,0.563,English,ESS Round 3,Work,Further education,Feeling,.,More than two-category scales,11,340,testb19,NA
6e8c1fe6f6cb,"Generally speaking, would you say that most people can be trusted, or that you can’t be too careful in dealing with people?  Please tick the box that is closest to your opinion, where 0 means you can’t be too careful and 5 means that most people can be trusted. Please tick one box.",select_one,"",generally speaking would you say that most people can be trusted or that you can't be too careful in dealing with people? where 0 means you can't be too careful and 5 means that most people can be trusted,"You can’t be too careful





Most people can be trusted","",0.614,English,ESS Round 1,Personal relations,Norms of other people,Feeling,.,More than two-category scales,6,284,TEST10,NA
fc24f9c7dbc8,Now some questions about how likely it is that you would be caught and punished if you did certain things in [country].  How likely is it that you would be caught and punished in [country] if you committed a traffic offence like speeding or crossing a red light?  How likely is it that you would be caught and punished if you bought something you thought might be stolen? Please tick one box.,select_one,Now some questions about how likely it is that you would be caught and punished if you did certain things in [country].,how likely is it that you would be caught and punished if you bought something you thought might be stolen?,"1 Not at all likely 
2 Not very likely 
3 Likely 
4 Very likely",Now some questions about how likely it is that you would be caught and punished if you did certain things in [country]. How likely is it that you would be caught and punished in [country] if you committed a traffic offence like speeding or crossing a red light?,0.508,English,ESS Round 5,National politics,.,All other simple concepts,Judgement,More than two-category scales,4,309,testd11,NA
be5cbf142583,And what percentage of this time do you spend yourself?   0% means absolutely none and 100% means absolutely all.  Write in percentage.,integer,"",and what percentage of this time do you spend yourself? 0% means absolutely none and 100% means absolutely all write in percentage,.,"",-1.0,English,ESS Round 2,Family,Household matters,"Facts, background, or behaviour",.,Numerical open-ended answers,.,401,testa16,NA
acc1477d0cce,"And on the whole, how satisfied are you with the way democracy works in Great Britain? Please tick one box.",select_one,"",and on the whole how satisfied are you with the way democracy works in great britain?,"Very dissatisfied 
Fairly dissatisfied
Fairly satisfied 
Very satisfied","",0.47,English,ESS Round 1,National politics,.,Feeling,.,More than two-category scales,4,283,TEST9,NA
76d0eafbbf3f,Being a housewife can be just as fulfilling as working for pay.,select_one,"",being a housewife can be just as fulfilling as working for pay,"Strongly agree
Agree
Neither agree nor disagree 
Disagree
Strongly disagree","",0.484,English,Pretest SDM 2019,Family,Household matters,Complex concepts,Other,More than two-category scales,5,9,genrol54,NA
a0f69979aa68,To what extend do you think honesty is important?,select_one,"",to what extend do you think honesty is important?,"1 not important
2
3
4
5 very important","",0.5595,English,Study Test,Other domains,.,Evaluative belief,.,More than two-category scales,5,1,honesty,NA
d41e666e6853,I find it easy to make my mind up about political issues. Please tick one box,select_one,"",i find it easy to make my mind up about political issues,"Agree strongly
Agree
Neither agree or disagree
Disagree
Disagree strongly","",0.549,English,ESS Round 1,National politics,.,All other simple concepts,Evaluation,More than two-category scales,5,286,TEST24,NA
5a37a6a5f805,"Würden Sie ganz generell sagen, dass man den meisten Menschen vertrauen kann, oder dass man im Umgang mit den Menschen nicht vorsichtig genug sein kann?",select_one,"",würden sie ganz generell sagen dass man den meisten menschen vertrauen kann oder dass man im umgang mit den menschen nicht vorsichtig genug sein kann?,"0. man kann nicht vorsichtig genug sein
1. 
2.
3
4.
5. den meisten Menschen kann man vertrauen","",0.651,German,ESS Round 4,Personal relations,Norms of other people,Feeling,.,More than two-category scales,6,286,testc25,NA
b06f7900ae2e,"Nun würden wir Ihnen gerne ein paar Fragen zu Staat und Politik stellen.  Bitte teilen Sie uns auf einer Skala von 0 bis 10 mit, wie sehr Sie persönlich der Justiz  vertrauen. Wenn Sie überhaupt kein Vertrauen haben, antworten Sie mit der Zahl 0. Wenn Sie vollkommenes Vertrauen haben, mit der Zahl 10. Sie können jede Zahl zwischen 0 und 10 vergeben.",integer,Nun würden wir Ihnen gerne ein paar Fragen zu Staat und Politik stellen.,bitte teilen sie uns auf einer skala von 0 bis 10 mit wie sehr sie persönlich der justiz vertrauen wenn sie überhaupt kein vertrauen haben antworten sie mit der zahl 0 wenn sie vollkommenes vertrauen haben mit der zahl 10 sie können jede zahl zwischen 0 und 10 vergeben,.,Nun würden wir Ihnen gerne ein paar Fragen zu Staat und Politik stellen.,0.67,German,ESS Round 4,National politics,.,Feeling,.,Numerical open-ended answers,11,289,testc29,NA
94600254324b,"Nun ein paar Fragen dazu, wie Sie sich in der letzten Woche gefühlt haben oder was Sie in der letzten Woche getan haben könnten.  Wie oft in der letzten Woche haben Sie sich deprimiert oder niedergeschlagen gefühlt?  Wie oft in der letzten Woche haben Sie unruhig geschlafen?",select_one,"Nun ein paar Fragen dazu, wie Sie sich in der letzten Woche gefühlt haben oder was Sie in der letzten Woche getan haben könnten.",wie oft in der letzten woche haben sie unruhig geschlafen?,"0 nie oder fast nie
1
2
3 immer oder fast immer","Nun ein paar Fragen dazu, wie Sie sich in der letzten Woche gefühlt haben oder was Sie in der letzten Woche getan haben könnten. Wie oft in der letzten Woche haben Sie sich deprimiert oder niedergeschlagen gefühlt?",0.556,German,ESS Round 6,Health,Personal physical health condition,Feeling,.,More than two-category scales,4,5,teste5,NA
fe0451a62dd3,"Zum Schluss einige Fragen dazu, wie die Demokratie Ihrer Meinung nach gegenwärtig in Österreich funktioniert.  In welchem Maß können die Oppositionsparteien in Österreich Ihrer Meinung nach Kritik an der Regierung üben?  In welchem Maß können die Medien in Österreich Ihrer Meinung nach Kritik an der Regierung üben?",select_one,"Zum Schluss einige Fragen dazu, wie die Demokratie Ihrer Meinung nach gegenwärtig in Österreich funktioniert.",in welchem maß können die medien in österreich ihrer meinung nach kritik an der regierung üben?,"0 überhaupt nicht
1
2
3
4
5
6
7
8
9
10 voll und ganz","Zum Schluss einige Fragen dazu, wie die Demokratie Ihrer Meinung nach gegenwärtig in Österreich funktioniert. In welchem Maß können die Oppositionsparteien in Österreich Ihrer Meinung nach Kritik an der Regierung üben?",0.561,German,ESS Round 6,National politics,.,All other simple concepts,Judgement,More than two-category scales,11,17,teste17,NA
c3b249754fb8,And how unsuccessful or successful do you think the police are at catching people who commit house burglaries in [country]? Please tick one box.,select_one,"",and how unsuccessful or successful do you think the police are at catching people who commit house burglaries in [country]?,"0 Very unsuccessful
1 Rather unsuccessful
2 Neither unsuccessful nor successful
3 Rather successful
4 Very successful","",0.517,English,ESS Round 5,National politics,.,All other simple concepts,Evaluation,More than two-category scales,5,300,testd14,NA
2a9cccd038fd,"On an average weekday, how much time, in total, do you spend listening to the radio? Write in",integer,"",on an average weekday how much time in total do you spend listening to the radio? write in,"hours
and minutes","",-1.0,English,ESS Round 1,Leisure activities,Radio,"Facts, background, or behaviour",.,Numerical open-ended answers,.,276,TEST2A,NA
63f8b7a1136d,“I think I could take an active role in a group involved with political issues .”    Please tick one box.,select_one,"","""i think i could take an active role in a group involved with political issues ""","Disagree strongly 
Disagree 
Neither disagree nor agree 
Agree 
Agree strongly","",0.609,English,ESS Round 1,National politics,.,All other simple concepts,Action tendency,More than two-category scales,5,279,TEST5,NA
33aa904728ca,And how much would you say that the political system in [country] allows people like you to have an influence on politics? Please tick one box.,select_one,"",and how much would you say that the political system in [country] allows people like you to have an influence on politics?,"Not at all
Very little
Some
A lot
A great deal","",0.5635,English,ESS Round 7,National politics,.,All other simple concepts,Policy,More than two-category scales,5,218,testf14,NA
ad91a9b333bc,One should offer one's seat to older people on busses and trains.,select_one,"",one should offer one's seat to older people on busses and trains,"Strongly agree
Agree
Neither agree nor disagree
Disagree
Strongly disagree","",0.528,English,Pretest SDM 2019,Other domains,.,Complex concepts,Other,More than two-category scales,5,24,age15,NA
d12ef1ddd3c3,How likely is it that you would be caught and punished in [country] if you committed a traffic offence like speeding or crossing a red light? Please tick one box.,select_one,"",how likely is it that you would be caught and punished in [country] if you committed a traffic offence like speeding or crossing a red light?,"1 Very unlikely
2
3
4 Very likely","",0.5,English,ESS Round 5,National politics,.,All other simple concepts,Judgement,More than two-category scales,4,307,testd21,NA
c4116c33878f,Ireland should allow more people of a different race or ethnic group from most Irish people to come and live here,select_one,"",ireland should allow more people of a different race or ethnic group from most irish people to come and live here,"1 Agree strongly
2 Agree 
3 Neither agree nor disagree
4 Disagree 
5 Disagree strongly","",0.568,English,ESS Round 3,National politics,.,All other simple concepts,Policy,More than two-category scales,5,323,testb2,NA
9a105313611f,"Sometimes people take tobacco out of a traditional cigar, cigarillo or filtered cigar and replace it with marijuana. This is sometimes called a “blunt”.  Have you ever smoked part or all of a traditional cigar, cigarillo or filtered cigar with marijuana in it? (Remember all information you give to the HAP Study will be kept private.)",select_one,"Sometimes people take tobacco out of a traditional cigar, cigarillo or filtered cigar and replace it with marijuana. This is sometimes called a “blunt”.",have you ever smoked part or all of a traditional cigar cigarillo or filtered cigar with marijuana in it? (remember all information you give to the hap study will be kept private ),"Yes
No","Sometimes people take tobacco out of a traditional cigar, cigarillo or filtered cigar and replace it with marijuana. This is sometimes called a “blunt”.",-1.0,English,AC_HAP,Health,Use of drugs,"Facts, background, or behaviour",.,Two-category scales,.,1,.,NA
0e7ccc2856c4,Due to their proportion in society the older generation has an unfair amount of political power.,select_one,"",due to their proportion in society the older generation has an unfair amount of political power,"Strongly agree
Agree
Neither agree nor disagree
Disagree
Strongly disagree","",0.522,English,Pretest SDM 2019,National politics,.,Complex concepts,Other,More than two-category scales,5,26,age17,NA
9237c89e08c5,And what percentage of this time does your does your husband/wife/partner spend?  0% means absolutely none and 100% means absolutely all.  write in percentage,integer,"",and what percentage of this time does your does your husband/wife/partner spend? 0% means absolutely none and 100% means absolutely all write in percentage,.,"",-1.0,English,ESS Round 2,Family,Household matters,"Facts, background, or behaviour",.,Numerical open-ended answers,.,402,testa17,NA
9979a8c588f5,The greatest asset older people have is passing along their experience of life.,select_one,"",the greatest asset older people have is passing along their experience of life,"Strongly agree
Agree
Neither agree nor disagree
Disagree
Strongly disagree","",0.528,English,Pretest SDM 2019,Other domains,.,Complex concepts,Other,More than two-category scales,5,22,age13,NA
548f74530d32,And now some questions about how you feel about yourself and your life.  Please indicate the extent to which you agree or disagree with each of the following statements. ‘I love learning new things.’,select_one,And now some questions about how you feel about yourself and your life.,please indicate the extent to which you agree or disagree with each of the following statements 'i love learning new things ',"0 Disagree strongly
1
2
3
4
5
6
7
8
9
10 Agree strongly",And now some questions about how you feel about yourself and your life.,0.579,English,ESS Round 3,Work,Further education,Feeling,.,More than two-category scales,11,328,testb31,NA
7d55bf5ebb4f,"Is smoking cigarillos less harmful, about the same, or more harmful than smoking cigarettes?",select_one,"",is smoking cigarillos less harmful about the same or more harmful than smoking cigarettes?,"Less harmful 
About the same
More harmful","",-0.022333333333333316,English,AC_HAP,Health,Use of drugs,All other simple concepts,Relationship,More than two-category scales,3,3,.,NA
df184c0ad52e,"Please say on a scale of 0 to 10 how much you personally trust the legal system. If you have no trust at all give a score of 0. If you have complete trust, give a score of 10. The more you trust the legal system, the higher the score should be.  Your score:",integer,"",please say on a scale of 0 to 10 how much you personally trust the legal system if you have no trust at all give a score of 0 if you have complete trust give a score of 10 the more you trust the legal system the higher the score should be your score:,.,"",0.642,English,ESS Round 1,National politics,.,Feeling,.,Numerical open-ended answers,.,282,TEST32,NA
f288e69196e4,"Würden Sie sagen, dass es generell schlecht oder gut für die österreichische Wirtschaft ist, dass Zuwanderer nach Österreich kommen, um hier zu leben?",select_one,"",würden sie sagen dass es generell schlecht oder gut für die österreichische wirtschaft ist dass zuwanderer nach österreich kommen um hier zu leben?,"0 schlecht für die Wirtschaft
1
2
3
4 gut für die Wirtschaft","",0.587,German,ESS Round 6,National politics,.,Evaluative belief,.,More than two-category scales,5,27,teste28,NA
9dceefbc4b82,A job is alright but what most women really want is a home and children.,select_one,"",a job is alright but what most women really want is a home and children,"Strongly agree
Agree
Neither agree nor disagree 
Disagree
Strongly disagree","",0.47,English,Pretest SDM 2019,Family,Household matters,Complex concepts,Other,More than two-category scales,5,8,genrol13,NA
5ea6a74a5a03,Please indicate to what extent you agree or disagree with each of the following statements about doctors in general.  Doctors rarely keep the whole truth from their patients.,select_one,"",please indicate to what extent you agree or disagree with each of the following statements about doctors in general doctors rarely keep the whole truth from their patients,"1 agree strongly
2 agree
3 neither agree nor disagree
4 disagree
5 disagree strongly","",0.333,English,ESS Round 2,Health,Doctor's treatment,Evaluative belief,.,More than two-category scales,5,403,testa05,NA
d1edd24d98c6,Please indicate to what extent you agree or disagree with each of the following statements.“Sometimes politics seems so complicated that I can’t really understand what is going on .”Please tick one box.,select_one,"","please indicate to what extent you agree or disagree with each of the following statements ""sometimes politics seems so complicated that i can't really understand what is going on ""","Disagree strongly 
  Disagree  
  Neither disagree nor agree  
  Agree 
  Agree strongly","",0.488,English,ESS Round 1,National politics,.,Evaluative belief,.,More than two-category scales,5,278,TEST4,NA
2f9cbc73fdcc,A pre-school child is likely to suffer if his or her mother works.,select_one,"",a pre-school child is likely to suffer if his or her mother works,"Strongly agree
Agree
Disagree
Strongly disagree","",0.492,English,Pretest SDM 2019,Family,Relations to members,Complex concepts,Other,More than two-category scales,4,7,genrol02,NA
c281d73ee81a,Adult children are an important source of help for elderly parents.,select_one,"",adult children are an important source of help for elderly parents,"Completely agree
Agree
Disagree
Completely disagree","",0.513,English,Pretest SDM 2019,Family,Relations to members,Complex concepts,Other,More than two-category scales,4,20,attchi46,NA
ccf725c6d38e,The next statements are about older people.  To what extent do you agree or disagree with the following statements?  Please select one answer for each statement.   Older people are a burden on the health care System.,select_one,The next statements are about older people.,to what extent do you agree or disagree with the following statements? please select one answer for each statement older people are a burden on the health care system,"Completely agree
Agree
Disagree
Completely disagree",The next statements are about older people.,0.373,English,Pretest SDM 2019,Health,Other,Complex concepts,Other,More than two-category scales,4,21,age41,NA
8254cf0cd3d2,Do you smoke if you are so ill that you are in bed most of the day?,select_one,"",do you smoke if you are so ill that you are in bed most of the day?,"Yes
No","",-0.246,English,AC_HAP,Health,Use of drugs,"Facts, background, or behaviour",.,Two-category scales,.,1,.,NA
d5569bb02dd0,Nun würden wir Ihnen gerne ein paar Fragen zu Staat und Politik stellen.  Wie sehr vertrauen Sie persönlich jeder der folgenden Institutionen? Dem österreichischen Parlament,select_one,Nun würden wir Ihnen gerne ein paar Fragen zu Staat und Politik stellen.,wie sehr vertrauen sie persönlich jeder der folgenden institutionen? dem österreichischen parlament,"0. überhaupt kein Vertrauen
1. 
2.
3.
4.
5. vollkommenes Vertrauen",Nun würden wir Ihnen gerne ein paar Fragen zu Staat und Politik stellen.,0.61,German,ESS Round 4,National politics,.,Feeling,.,More than two-category scales,6,289,testc16,NA
19ec41c71112,"Sollte der Staat Maßnahmen ergreifen, um Einkommensunterschiede zu reduzieren?",select_one,"",sollte der staat maßnahmen ergreifen um einkommensunterschiede zu reduzieren?,"1. der Staat sollte dies ganz sicher tun.
2. der Staat sollte dies wahrscheinlich tun.
3. weder dafür noch dagegen
4. der Staat sollte dies wahrscheinlich nicht tun.
5. der Staat sollte dies ganz sicher nicht tun.","",0.635,German,ESS Round 4,National politics,.,All other simple concepts,Policy,More than two-category scales,5,295,testc10,NA
9674b2838394,"Und wie zufrieden sind Sie im Großen und Ganzen mit der Art und Weise, wie die Demokratie in Österreich funktioniert?",select_one,"",und wie zufrieden sind sie im großen und ganzen mit der art und weise wie die demokratie in österreich funktioniert?,"00. unzufrieden
01.
02.
03.
04.
05.
06.
07.
08.
09.
10. zufrieden","",0.671,German,ESS Round 4,National politics,.,Feeling,.,More than two-category scales,11,294,testc9,NA
e0db7137e261,The next three questions are about your current job.  Please choose one of the following to describe how varied your work is.,select_one,The next three questions are about your current job.,one of the following to describe how varied your work is,"1 not at all varied
2 a little varied
3 quite varied
4 very varied",The next three questions are about your current job.,0.524,English,ESS Round 2,Work,Kind of work,Evaluative belief,.,More than two-category scales,4,404,testa19,NA
6547a588a535,Having children interferes too much with the freedom of parents.,select_one,"",having children interferes too much with the freedom of parents,"Completely agree
Agree
Disagree
Completely disagree","",0.502,English,Pretest SDM 2019,Family,Relations to members,Complex concepts,Other,More than two-category scales,4,15,attchi32,NA
63aaa7839ded,How much do you agree or disagree that it is generally bad for Ireland’s economy that people come to live here from other countries?,select_one,"",how much do you agree or disagree that it is generally bad for ireland's economy that people come to live here from other countries?,"0 Disagree strongly
1
2
3
4
5
6
7
8
9
10 Agree strongly","",0.523,English,ESS Round 3,National politics,.,All other simple concepts,Evaluation,More than two-category scales,11,337,testb16,NA
e7203351097d,"Und wo würden Sie auf dieser Skala die Partei einordnen, die Sie persönlich völlig ablehnen, wobei 0 für „links“ und 10 für „rechts“ steht?",select_one,"",und wo würden sie auf dieser skala die partei einordnen die sie persönlich völlig ablehnen?,"0 links
1
2
3
4
5
6
7
8
9
10 rechts","",0.668,German,ESS Round 4,National politics,.,Feeling,.,More than two-category scales,11,297,testc36,NA
69fa8d3b04a7,Having children is a financial burden.,select_one,"",having children is a financial burden,"Strongly agree
Agree
Neither agree nor disagree
Disagree
Strongly disagree","",0.466,English,Pretest SDM 2019,Family,Relations to members,Complex concepts,Other,More than two-category scales,5,16,attchi13,NA
b515473e4cce,And on the whole how satisfied are you with the way democracy works in Ireland?,select_one,"",and on the whole how satisfied are you with the way democracy works in ireland?,"0 extremely dissatisfied
01
02
03
04
05 neither satisfied nor dissastied
07
08
09
10 extremely dissatisfied","",0.629,English,ESS Round 2,National politics,.,Feeling,.,More than two-category scales,11,411,testa13,NA
67149e3e4b2a,GPs usually treat their patients as their equals.,select_one,"",gps usually treat their patients as their equals,"1 agree strongly
2 agree
3 neither agree nor disagree
4 disagree
5 disagree strongly","",0.417,English,ESS Round 2,Health,Doctor's treatment,All other simple concepts,Evaluation,More than two-category scales,5,400,testa29,NA
328357637e17,"Schwule und Lesben sollten ihr Leben so führen dürfen, wie sie es wollen.",select_one,"",schwule und lesben sollten ihr leben so führen dürfen wie sie es wollen,"1. stimme stark zu
2. stimme zu
3. weder noch
4. stimme nicht zu
5. stimme überhaupt nicht zu","",0.592,German,ESS Round 4,National politics,.,All other simple concepts,Policy,More than two-category scales,5,293,testc32,NA
5441aaedb469,Before doctors decide ona treatment they rarely discuss it with their patient.,select_one,"",before doctors decide ona treatment they rarely discuss it with their patient,"1 Agree strongly
2 agree
3 neither agree nor disagree
4 disagree
5 disagree strongly","",-1.0,English,ESS Round 2,Health,Doctor's treatment,"Facts, background, or behaviour",.,More than two-category scales,5,405,testa07,NA
c61ef0b50fd2,"Und nun kreuzen Sie bitte an, wie sehr Sie den folgenden Aussagen zustimmen  oder nicht zustimmen.  Im Allgemeinen bin ich zufrieden mit der derzeitigen Wirtschaftslage in Österreich.",select_one,"",und nun kreuzen sie bitte an wie sehr sie den folgenden aussagen zustimmen oder nicht zustimmen im allgemeinen bin ich zufrieden mit der derzeitigen wirtschaftslage in österreich,"1. stimme stark zu
2. stimme zu
3. weder noch
4. stimme nicht zu
5. stimme überhaupt nicht zu","",0.574,German,ESS Round 4,National politics,.,Feeling,.,More than two-category scales,5,292,testc19,NA
8f471fc7d7f4,Now some questions about people from other countries coming to live in Ireland.  To what extent do you think Ireland should allow people of the same race or ethnic group as most Irish people to come and live here?,select_one,Now some questions about people from other countries coming to live in Ireland.,to what extent do you think ireland should allow people of the same race or ethnic group as most irish people to come and live here?,"1 Allow many to come and live here
2 Allow some
3 Allow a few 
4 Allow none",Now some questions about people from other countries coming to live in Ireland.,0.67,English,ESS Round 3,National politics,.,All other simple concepts,Policy,More than two-category scales,4,334,testb13,NA
6c21715c1992,Now for some questions on a different topic.  How much would you say the political system in [country] allows people like you to have a say in what the government does? Please tick one box.,select_one,Now for some questions on a different topic.,how much would you say the political system in [country] allows people like you to have a say in what the government does?,"Not at all
Very little
Some
A lot
A great deal",Now for some questions on a different topic.,0.5465,English,ESS Round 7,National politics,.,All other simple concepts,Policy,More than two-category scales,5,317,testf13,NA
70d43f47e053,Most days I feel a sense of accomplishment from what I do.,select_one,"",most days i feel a sense of accomplishment from what i do,"1 Agree strongly
2 Agree 
3 Neither agree nor disagree
4 Disagree 
5 Disagree strongly","",0.536,English,ESS Round 3,Work,Kind of work,Feeling,.,More than two-category scales,5,329,testb8,NA
be08503cc5dd,How old were you the first time you smoked part or all of a cigarette?,integer,"",how old were you the first time you smoked part or all of a cigarette?,I___I___I Years old,"",0.02933333333333336,English,AC_HAP,Health,Use of drugs,"Facts, background, or behaviour",.,Numerical open-ended answers,.,3,.,NA
b0f14e0fac49,Children are a financial burden on their parents.,select_one,"",children are a financial burden on their parents,"Completely agree
Agree
Disagree
Completely disagree","",0.496,English,Pretest SDM 2019,Family,Relations to members,Complex concepts,Other,More than two-category scales,4,16,attchi43,NA
57640ec9d02a,"Now, how important do you think being committed to the way of life in [country] should be in deciding whether someone born, brought up and living outside [country] should be able to come and live here? Please tick one box.",select_one,"",now how important do you think being committed to the way of life in [country] should be in deciding whether someone born brought up and living outside [country] should be able to come and live here?,"Extremely unimportant 00
01
02
03
04
05
06
07
08
09
Extremely important 10","",0.492,English,ESS Round 7,National politics,.,Importance of something,.,More than two-category scales,11,216,testf3,NA
03be8bda3a96,And how much do you agree or disagree that Ireland ´s cultural life is generally undermined by people coming to live here from other countries?,select_one,"",and how much do you agree or disagree that ireland ´s cultural life is generally undermined by people coming to live here from other countries?,"0 Disagree strongly
1
2
3
4
5
6
7
8
9
10 Agree strongly","",0.471,English,ESS Round 3,Leisure activities,"Cultural activities (theatre, concert, exhibitions, etc.)",Evaluative belief,.,More than two-category scales,11,338,testb17,NA
50a684c47e39,please choose one of the following to describe how much if at all your work puts your health and safety at risk.,select_one,"",one of the following to describe how much if at all your work puts your health and safety at risk,"1 not at all at risk
2 a little at risk
3 quite a lot at risk
4 very much at risk","",0.557,English,ESS Round 2,Work,Kind of work,Evaluative belief,.,More than two-category scales,4,406,testa21,NA
72b1e5ac8782,A child under school age is likely to suffer if his or her mother works.,select_one,"",a child under school age is likely to suffer if his or her mother works,"Completely agree
Agree
Disagree
Completely disagree","",0.492,English,Pretest SDM 2019,Family,Relations to members,Complex concepts,Other,More than two-category scales,4,7,genrol32,NA
04bada3b7f15,"Wo würden Sie auf dieser Skala die Partei einordnen, die Ihnen persönlich am liebsten ist?",select_one,"",wo würden sie auf dieser skala die partei einordnen die ihnen persönlich am liebsten ist?,"00. extrem links
01. 
02.
03.
04.
05.
06.
07.
08.
09.
10. extrem rechts","",0.627,German,ESS Round 4,National politics,.,Feeling,.,More than two-category scales,11,296,testc23,NA
542e0689a97f,Wie viel Zeit verbringen Sie an einem normalen Wochentag insgesamt mit Fernsehen? Geben Sie bitte die Zeit in Stunden und Minuten an.,integer,"",wie viel zeit verbringen sie an einem normalen wochentag insgesamt mit fernsehen? geben sie bitte die zeit in stunden und minuten an,Stunden und Minuten,"",-1.0,German,ESS Round 4,Leisure activities,Television,"Facts, background, or behaviour",.,Numerical open-ended answers,.,286,testc1,NA
c002d5852e30,Older people don’t really need to get the best seats on buses and trains.,select_one,"",older people don't really need to get the best seats on buses and trains,"Completely agree
Agree
Disagree
Completely disagree","",0.532,English,Pretest SDM 2019,Other domains,.,Complex concepts,Other,More than two-category scales,4,25,age45,NA
689a2b11584f,"In general, fathers are as well suited to look after their children as mothers.",select_one,"",in general fathers are as well suited to look after their children as mothers,"Strongly agree
Agree
Neither agree nor disagree 
Disagree
Strongly disagree","",0.461,English,Pretest SDM 2019,Family,Relations to members,Complex concepts,Other,More than two-category scales,5,12,Genrol17,NA
fefb47c135fc,Please choose one of the following to describe how secure your work is.,select_one,"",one of the following to describe how secure your work is,"1 not at all secure
2 a little secure
3 quite secure
4 very secure","",0.545,English,ESS Round 2,Work,Prospects/career,Evaluative belief,.,More than two-category scales,4,405,testa20,NA
9f3b64365576,"Was würden Sie ganz allgemein sagen: Wie sehr sind Sie vertieft in das, was Sie tun?",select_one,"",was würden sie ganz allgemein sagen: wie sehr sind sie vertieft in das was sie tun?,"0 überhaupt nicht vertieft
1
2
3
4
5
6 voll und ganz vertieft","",-1.0,German,ESS Round 6,Other domains,.,"Facts, background, or behaviour",.,More than two-category scales,7,11,teste11,NA
5499d8e90f8f,"Now thinking about the British government, how satisfied are you with the way it is doing its job? Please tick one box.",select_one,"",how satisfied are you with the way it is doing its job?,"Extremely dissatisfied




Extremely satisfied","",0.594,English,ESS Round 1,National politics,.,Feeling,.,More than two-category scales,6,276,TEST26,NA
a7d56a392518,The questions focus on the police in [country].  And how unsuccessful or successful do you think the police are at catching people who commit house burglaries in [country]?  And how successful do you think the police are at catching people who commit house  burglaries in [country]? Please tick one box.,select_one,The questions focus on the police in [country].,and how successful do you think the police are at catching people who commit house burglaries in [country]?,"0 Extremely unsuccessful
1 Very unsuccessful
2 Rather unsuccessful
3 Neither unsuccessful nor successful
4 Rather successful
5 Very successful
6 Extremely successful",The questions focus on the police in [country]. And how unsuccessful or successful do you think the police are at catching people who commit house burglaries in [country]?,0.522,English,ESS Round 5,National politics,.,All other simple concepts,Evaluation,More than two-category scales,7,303,testd05,NA
8a0068257d9d,I like planning and preparing for the future.,select_one,"",i like planning and preparing for the future,"1 Agree strongly
2 Agree 
3 Neither agree nor disagree
4 Disagree 
5 Disagree strongly","",0.544,English,ESS Round 3,Living conditions and background variables,Other,Feeling,.,More than two-category scales,5,330,testb9,NA
eeff43158865,"Do you think that most people would try to take advantage of you if they got the chance, or would they try to be fair ? Please tick one box.",select_one,"",do you think that most people would try to take advantage of you if they got the chance or would they try to be fair ?,"Most people would try to take advantage of me
      Most people would try to be fair","",0.497,English,ESS Round 1,Personal relations,Norms of other people,Evaluative belief,.,Two-category scales,.,279,TEST29,NA
8b263addab6b,"Glauben Sie, dass die meisten Menschen versuchen, Sie auszunutzen, wenn sie die  Möglichkeit dazu hätten, oder würden sie sich Ihnen gegenüber fair verhalten?",select_one,"",glauben sie dass die meisten menschen versuchen sie auszunutzen wenn sie die möglichkeit dazu hätten oder würden sie sich ihnen gegenüber fair verhalten?,"0. versuchen, mich auszunutzen
1.
2.
3.
4.
5. verhalten sich fair","",0.576,German,ESS Round 4,Personal relations,Norms of other people,Evaluative belief,.,More than two-category scales,6,287,testc26,NA
b9937cd5dbfe,Elderly people shouldn’t be so miserly with their money if younger relatives need it,select_one,"",elderly people shouldn't be so miserly with their money if younger relatives need it,"Strongly agree
Agree
Slightly agree
Neither agree nor disagree
Slightly disagree
Disagree
Strongly disagree","",0.457,English,Pretest SDM 2019,Family,Relations to relatives,Complex concepts,Other,More than two-category scales,7,25,age24,NA
1d0558cf81ef,Having children restricts the employment chances of one or both parents.,select_one,"",having children restricts the employment chances of one or both parents,"Strongly agree
Agree
Neither agree nor disagree
Disagree
Strongly disagree","",0.48699999999999993,English,Pretest SDM 2019,Family,Relations to members,Complex concepts,Other,More than two-category scales,5,17,attchi54,NA
25e80e2efd22,Elderly people shouldn’t be so miserly with their money if younger relatives need it.,select_one,"",elderly people shouldn't be so miserly with their money if younger relatives need it,"Strongly agree
Agree
Neither agree nor disagree
Disagree
Strongly disagree","",0.46,English,Pretest SDM 2019,Family,Relations to relatives,Complex concepts,Other,More than two-category scales,5,25,age54,NA
d6879a8ee946,"Und sollte der Staat sicherstellen, dass alle Gruppen in der Gesellschaft gleich behandelt werden?",select_one,"",und sollte der staat sicherstellen dass alle gruppen in der gesellschaft gleich behandelt werden?,"1. der Staat sollte dies ganz sicher tun
2. der Staat sollte dies wahrscheinlich sein.
3. weder dafür noch dagegen.
4. der Staat sollte dies wahrscheinlich nicht tun.
5. der Staat sollte dies ganz sicher nicht tun.","",0.638,German,ESS Round 4,National politics,.,All other simple concepts,Policy,More than two-category scales,5,297,testc12,NA
6c1d0356dba8,"Die Fragen beziehen sich darauf, wie Sie sich selbst und Ihr Leben sehen.  Was würden Sie ganz allgemein sagen: Wie sehr interessiert Sie, was Sie tun?",select_one,"Die Fragen beziehen sich darauf, wie Sie sich selbst und Ihr Leben sehen.",was würden sie ganz allgemein sagen: wie sehr interessiert sie was sie tun?,"0 es interessiert mich überhaupt nicht            
1
2 es interessiert mich voll und ganz","Die Fragen beziehen sich darauf, wie Sie sich selbst und Ihr Leben sehen.",0.491,German,ESS Round 6,Other domains,.,Evaluative belief,.,More than two-category scales,3,31,teste31,NA
9db2990fc58b,"On an average weekday, how much time, in total, do you spend reading the newspapers? Write in",integer,"",on an average weekday how much time in total do you spend reading the newspapers? write in,"hours
and minutes","",-1.0,English,ESS Round 1,Leisure activities,Newspapers/periodicals,"Facts, background, or behaviour",.,Numerical open-ended answers,.,277,TEST3A,NA
ee4920fb8f41,The next set of questions is about children and parenthood.  To what extent do you agree or disagree with the following statements?  Please select one answer for each statement.   Watching children grow up is life's greatest joy.,select_one,The next set of questions is about children and parenthood.,to what extent do you agree or disagree with the following statements? please select one answer for each statement watching children grow up is life's greatest joy,"Completely agree
Agree
Disagree
Completely disagree",The next set of questions is about children and parenthood.,0.432,English,Pretest SDM 2019,Family,Relations to members,Complex concepts,Other,More than two-category scales,4,14,attchi41,NA
ac07be2b8890,"Jetzt einige Fragen dazu, wie die Demokratie Ihrer Meinung nach gegenwärtig in Österreich funktioniert.  Wie oft können die Oppositionsparteien in Österreich Ihrer Meinung nach Kritik an der Regierung üben?",select_one,"Jetzt einige Fragen dazu, wie die Demokratie Ihrer Meinung nach gegenwärtig in Österreich funktioniert.",wie oft können die oppositionsparteien in österreich ihrer meinung nach kritik an der regierung üben?,"0 nie
1
2
3
4
5
6
7
8
9
10 immer","Jetzt einige Fragen dazu, wie die Demokratie Ihrer Meinung nach gegenwärtig in Österreich funktioniert.",0.531,German,ESS Round 6,National politics,.,All other simple concepts,Judgement,More than two-category scales,11,7,teste7,NA
42c9bd2ff7af,Men should take as much responsibility as women for the home and children.,select_one,"",men should take as much responsibility as women for the home and children,"Strongly agree
Agree
Neither agree nor disagree 
Disagree
Strongly disagree","",0.451,English,Pretest SDM 2019,Family,Household matters,Complex concepts,Other,More than two-category scales,5,13,genrol58,NA
09902b2ae557,"On an average weekday,how much time, in total, do you spend listening to the radio?  Please tick one box.",select_one,"",on an average weekday how much time in total do you spend listening to the radio?,"No time at all 
Very little time 
A little time 
Some time 
Quite a lot of time 
A lot of time 
A great deal of time","",-1.0,English,ESS Round 1,Leisure activities,Radio,"Facts, background, or behaviour",.,More than two-category scales,7,282,TEST20,NA
16cf1fddb44b,And about how many hours does your husband/wife/partner spend?  Write in hours,integer,"",and about how many hours does your husband/wife/partner spend? write in hours,.,"",-1.0,English,ESS Round 2,Family,Household matters,"Facts, background, or behaviour",.,Numerical open-ended answers,.,402,testa04,NA
2052048b6fcc,It is generally bad for Ireland’s economy that people come to live here from other countries,select_one,"",it is generally bad for ireland's economy that people come to live here from other countries,"0 Disagree strongly
1
2
3
4
5
6
7 Agree strongly","",0.477,English,ESS Round 3,National politics,.,All other simple concepts,Evaluation,More than two-category scales,8,325,testb28,NA
fae2874f14d3,The next set of questions is about the roles of men and women.  To what extent do you agree or disagree with the following statements?  Please select one answer for each statement.   A working mother can establish just as warm and secure a relationship with her children as a mother who does not work.,select_one,The next set of questions is about the roles of men and women.,to what extent do you agree or disagree with the following statements? please select one answer for each statement a working mother can establish just as warm and secure a relationship with her children as a mother who does not work,"Completely agree
Agree
Disagree
Completely disagree",The next set of questions is about the roles of men and women.,0.423,English,Pretest SDM 2019,Family,Relations to members,Complex concepts,Other,More than two-category scales,4,6,genrol41,NA
dd46e563437f,Wie viel Zeit verbringen Sie an einem normalen Wochentag insgesamt mit dem Lesen von Zeitungen? Geben Sie bitte die Zeit in Stunden und Minuten an.,integer,"",wie viel zeit verbringen sie an einem normalen wochentag insgesamt mit dem lesen von zeitungen? geben sie bitte die zeit in stunden und minuten an,Stunden und Minuten,"",-1.0,German,ESS Round 4,Leisure activities,Newspapers/periodicals,"Facts, background, or behaviour",.,Numerical open-ended answers,.,288,testc3,NA
7e19b9806f18,"Im Großen und Ganzen bin ich zufrieden mit der Art und Weise, wie die Demokratie in Österreich funktioniert.",select_one,"",im großen und ganzen bin ich zufrieden mit der art und weise wie die demokratie in österreich funktioniert,"1. stimme stark zu
2. stimme zu
3. weder noch
4. stimme nicht zu
5. stimme überhaupt nicht zu","",0.547,German,ESS Round 4,National politics,.,Feeling,.,More than two-category scales,5,294,testc21,NA
8f06c307b2ec,It is unfair that older people get to vote on issues that will impact younger people much more.,select_one,"",it is unfair that older people get to vote on issues that will impact younger people much more,"Completely agree
Agree
Disagree
Completely disagree","",0.559,English,Pretest SDM 2019,National politics,.,Complex concepts,Other,More than two-category scales,4,30,age40,NA
5dd6ed1e23b7,There are people in my life who really care about me,select_one,"",there are people in my life who really care about me,"1 Agree strongly
2 Agree 
3 Neither agree nor disagree
4 Disagree 
5 Disagree strongly","",0.491,English,ESS Round 3,Personal relations,Friends,Evaluative belief,.,More than two-category scales,5,344,testb23,NA
6a9b0063f357,The next few questions are on a different topic.  How much would you say the political system in [country] allows people like you to have a say in what the government does?  How much would you say that politicians care what people like you think? Please tick one box.,select_one,The next few questions are on a different topic.,how much would you say that politicians care what people like you think?,"Not at all
Very little
Some
Quite a lot
A lot",The next few questions are on a different topic. How much would you say the political system in [country] allows people like you to have a say in what the government does?,0.542,English,ESS Round 7,National politics,.,All other simple concepts,Judgement,More than two-category scales,5,219,testf6,NA
95fb3d34368a,"And when dealing with people in [country], how often would you say the police generally explain their decisions and actions when asked to do so? Please tick one box.",select_one,"",and when dealing with people in [country] how often would you say the police generally explain their decisions and actions when asked to do so?,"never 0
hardly ever 1
rarely 2
occasionally 3
sometimes 4
half of the time 5
more often than not 6
often 7
very often 8
almost always 9
always 10","",0.561,English,ESS Round 5,National politics,.,Evaluative belief,.,More than two-category scales,11,307,testd09,NA
cd79c831a97a,Now some questions about people from other countries coming to live in Ireland.  Please read each question and tick the box on each line that shows how much you agree or disagree with each statement.  Ireland should allow more people of the same race or ethnic group as most Irish people to come and live here,select_one,Now some questions about people from other countries coming to live in Ireland.,please read each question and tick the box on each line that shows how much you agree or disagree with each statement ireland should allow more people of the same race or ethnic group as most irish people to come and live here,"1 Agree strongly
2 Agree 
3 Neither agree nor disagree
4 Disagree 
5 Disagree strongly",Now some questions about people from other countries coming to live in Ireland.,0.513,English,ESS Round 3,National politics,.,All other simple concepts,Policy,More than two-category scales,5,322,testb1,NA
82f8616b1727,"People talk about the changing roles of men and women today.  For each of the following statements, can you tell me how much you agree or disagree with each.   Please choose one answer for each statement.  A working mother establishes just as warm and secure a relationship with her children as a mother who does not work.",select_one,People talk about the changing roles of men and women today.,for each of the following statements can you tell me how much you agree or disagree with each one answer for each statement a working mother establishes just as warm and secure a relationship with her children as a mother who does not work,"Strongly agree
Agree
Neither agree nor disagree 
Disagree
Strongly disagree",People talk about the changing roles of men and women today.,0.38,English,Pretest SDM 2019,Family,Relations to members,Complex concepts,Other,More than two-category scales,5,6,genrol11,NA
6d3ac454ae46,"Nun ein paar Fragen dazu, wie Sie sich in der letzten Woche gefühlt haben oder was Sie in der letzten Woche getan haben könnten.  Wie sehr haben Sie sich in der letzten Woche deprimiert oder niedergeschlagen gefühlt?  In welchem Maß haben Sie sich in der letzten Woche einsam gefühlt?",select_one,"Nun ein paar Fragen dazu, wie Sie sich in der letzten Woche gefühlt haben oder was Sie in der letzten Woche getan haben könnten.",in welchem maß haben sie sich in der letzten woche einsam gefühlt?,"0 überhaupt nicht einsam
1
2
3 äußerst einsam","Nun ein paar Fragen dazu, wie Sie sich in der letzten Woche gefühlt haben oder was Sie in der letzten Woche getan haben könnten. Wie sehr haben Sie sich in der letzten Woche deprimiert oder niedergeschlagen gefühlt?",0.547,German,ESS Round 6,Health,Personal mental health condition,Feeling,.,More than two-category scales,4,15,teste15,NA
0ec8e351e37f,"If it weren’t for older people opposed to changing the way things are, we could probably progress much more rapidly as a society.",select_one,"",if it weren't for older people opposed to changing the way things are we could probably progress much more rapidly as a society,"Completely agree
Agree
Disagree
Completely disagree","",0.514,English,Pretest SDM 2019,Other domains,.,Complex concepts,Other,More than two-category scales,4,26,age46,NA
b4c13b6f6b76,"On an average weekday,how much time,  in total, do you spend reading the newspapers?  Please tick one box.",select_one,"",on an average weekday how much time in total do you spend reading the newspapers?,"No time at all 
Very little time 
A little time 
Some time 
Quite a lot of time 
A lot of time 
A great deal of time","",-1.0,English,ESS Round 1,Leisure activities,Newspapers/periodicals,"Facts, background, or behaviour",.,More than two-category scales,7,283,TEST21,NA
3fbaf45e5edd,Wie viel Zeit verbringen Sie an einem normalen Wochentag mit Radiohören? Geben Sie bitte die Zeit in Stunden und Minuten an.,integer,"",wie viel zeit verbringen sie an einem normalen wochentag mit radiohören? geben sie bitte die zeit in stunden und minuten an,Stunden und Minuten,"",-1.0,German,ESS Round 4,Leisure activities,Radio,"Facts, background, or behaviour",.,Numerical open-ended answers,.,287,testc2,NA
f1e863f1ae62,"And about how often would you say that the police make fair, impartial decisions in the cases they deal with? Please tick one box.",select_one,"",and about how often would you say that the police make fair impartial decisions in the cases they deal with?,"never 0
hardly ever 1
rarely 2
occasionally 3
sometimes 4
half of the time 5
more often than not 6
often 7
very often 8
almost always 9
always 10","",0.572,English,ESS Round 5,National politics,.,Evaluative belief,.,More than two-category scales,11,306,testd08,NA
d957b1f0583f,"Nun ein paar Fragen dazu, wie Sie sich in der letzten Woche gefühlt haben oder was Sie in der letzten Woche getan haben könnten.  Wie oft in der letzten Woche haben Sie sich deprimiert oder niedergeschlagen gefühlt?",select_one,"Nun ein paar Fragen dazu, wie Sie sich in der letzten Woche gefühlt haben oder was Sie in der letzten Woche getan haben könnten.",wie oft in der letzten woche haben sie sich deprimiert oder niedergeschlagen gefühlt?,"0 nie oder fast nie
1
2
3 immer oder fast immer","Nun ein paar Fragen dazu, wie Sie sich in der letzten Woche gefühlt haben oder was Sie in der letzten Woche getan haben könnten.",0.563,German,ESS Round 6,Health,Personal mental health condition,Feeling,.,More than two-category scales,4,4,teste4,NA
f2873219aebe,"People talk about the changing roles of men and women today.  Regardless of whether you yourself are in a partnership and/or have children, please tell me how much you agree or disagree with each of the following statements.   Please choose one answer for each statement.  A working mother can establish just as warm and secure a relationship with her child as a mother who does not work, and has more time for her child.",select_one,People talk about the changing roles of men and women today.,regardless of whether you yourself are in a partnership and/or have children how much you agree or disagree with each of the following statements one answer for each statement a working mother can establish just as warm and secure a relationship with her child as a mother who does not work and has more time for her child,"Strongly agree
Agree
Neither agree nor disagree
Disagree
Strongly disagree",People talk about the changing roles of men and women today.,0.371,English,Pretest SDM 2019,Family,Relations to members,Complex concepts,Other,More than two-category scales,5,6,genrol21,NA
267e7de65310,And how confident are you in your own ability to participate in politics? Please tick one box.,select_one,"",and how confident are you in your own ability to participate in politics?,"00 Completely unconfident
01
02
03
04
05
06
07
08
09
10 Completely confident","",0.5589999999999999,English,ESS Round 7,Personal relations,Membership of organisations,Complex concepts,Other,More than two-category scales,11,221,testf8,NA
fcdafe809240,Do you believe nicotine is the chemical that causes most of the cancer caused by smoking cigarettes?,select_one,"",do you believe nicotine is the chemical that causes most of the cancer caused by smoking cigarettes?,"Definitely yes
Probably yes
Probably not
Definitely not","",0.469,English,AC_HAP,Health,Use of drugs,Evaluative belief,.,Two-category scales,.,3,.,NA
ed5c25594398,"Please say on a scale of 0 to 10 how much you personally trust the legal system. If you have no trust at all give a score of 0. If you have complete trust, give a score of 10. The more you trust the legal system, the higher the score should be.  Your score:  Please say on a scale of 0 to 10 how much you personally trust the police. If you have no trust at all give a score of 0.  If you have complete trust, give a score of 10. The more you trust the police, the higher the score should be.  Your score:",integer,"",please say on a scale of 0 to 10 how much you personally trust the police if you have no trust at all give a score of 0 if you have complete trust give a score of 10 the more you trust the police the higher the score should be your score:,.,"Please say on a scale of 0 to 10 how much you personally trust the legal system. If you have no trust at all give a score of 0. If you have complete trust, give a score of 10. The more you trust the legal system, the higher the score should be.
Your score:",0.643,English,ESS Round 1,National politics,.,Feeling,.,Numerical open-ended answers,.,283,TEST33,NA
9deea622e55c,Please indicate how much you agree or disagree with each of the following statements about men and women and their place in the family.  A women should not have to cut down on her paid work for the sake of the family.,select_one,Please indicate how much you agree or disagree with each of the following statements about men and women and their place in the family.,a women should not have to cut down on her paid work for the sake of the family,"1 agree stronbgly
2 agree
3 neither agree nor disagree
4 disagree
5 disagree strongly",Please indicate how much you agree or disagree with each of the following statements about men and women and their place in the family.,0.424,English,ESS Round 2,Family,Personal time budget,All other simple concepts,Norm,More than two-category scales,5,406,testa08,NA
57c832b32eea,Having a job is the best way for a woman to be an independent person.,select_one,"",having a job is the best way for a woman to be an independent person,"Strongly agree
Agree
Disagree
Strongly disagree","",0.524,English,Pretest SDM 2019,Work,Prospects/career,Complex concepts,Other,More than two-category scales,4,10,genrol05,NA
f21a20167c82,Being a housewife is just as fulfilling as working for pay.,select_one,"",being a housewife is just as fulfilling as working for pay,"Strongly agree
Agree
Neither agree nor disagree 
Disagree
Strongly disagree","",0.481,English,Pretest SDM 2019,Family,Household matters,Complex concepts,Other,More than two-category scales,5,9,genrol14,NA
4c338372b19b,The older generation has an unfair amount of political power compared to the younger generation.,select_one,"",the older generation has an unfair amount of political power compared to the younger generation,"Completely agree
Agree
Disagree
Completely disagree","",0.548,English,Pretest SDM 2019,National politics,.,Complex concepts,Other,More than two-category scales,4,27,age47,NA
ea1a7d41a853,The next set of questions is about older people.  To what extent do you agree or disagree with each of the following statements?  Please select one answer for each statement.   Older people are too big a burden on the healthcare system.,select_one,The next set of questions is about older people.,to what extent do you agree or disagree with each of the following statements? please select one answer for each statement older people are too big a burden on the healthcare system,"Completely agree
Agree
Disagree
Completely disagree",The next set of questions is about older people.,0.373,English,Pretest SDM 2019,Health,Other,Complex concepts,Other,More than two-category scales,4,21,age31,NA
53376dbf60a2,Most older people don’t know when to make way for younger people.,select_one,"",most older people don't know when to make way for younger people,"Completely agree
Agree
Disagree
Completely disagree","",0.543,English,Pretest SDM 2019,Other domains,.,Complex concepts,Other,More than two-category scales,4,27,age38,NA
d2fb571eb64e,"People come to live in [country] from other countries for different reasons. Some have ancestral ties. Others come to work here, or to join their families. Others come because they’re under threat. The questions are about this issue .  How important you think being able to speak English should be in deciding whether someone born, brought up and living outside [country] should be able to come and live here. Please tick one box.",select_one,"People come to live in [country] from other countries for different reasons. Some have ancestral ties. Others come to work here, or to join their families. Others come because they’re under threat. The questions are about this issue .",how important you think being able to speak english should be in deciding whether someone born brought up and living outside [country] should be able to come and live here,"Extremely unimportant
Very unimportant
Quite unimportant
Rather unimportant
A bit unimportant
Neither unimportant nor important
A bit important
Rather important
Quite important
Very important
Extremely important","People come to live in [country] from other countries for different reasons. Some have ancestral ties. Others come to work here, or to join their families. Others come because they’re under threat. The questions are about this issue .",0.429,English,ESS Round 7,National politics,.,Importance of something,.,More than two-category scales,11,214,testf10,NA
a12118062ffe,On the whole how satisfied are you with the present state of the economy in Ireland?,select_one,"",on the whole how satisfied are you with the present state of the economy in ireland?,"0 extremely dissatisfied
01
02
03
04
05 neither satisfied nor dissatisfied
06
07
08
09
10 extremely satisfied","",0.624,English,ESS Round 2,National politics,.,Feeling,.,More than two-category scales,11,409,testa11,NA
be1b5156ce81,Older people shouldn’t be so miserly with their money if younger relatives need it.,select_one,"",older people shouldn't be so miserly with their money if younger relatives need it,"Strongly agree
Agree
Slightly agree
Slightly disagree
Disagree
Strongly disagree","",0.49899999999999994,English,Pretest SDM 2019,Family,Relations to relatives,Complex concepts,Other,More than two-category scales,6,23,age04,NA
3884d3435c92,Before doctors decide on a treatment they usually discuss it with their patients.,select_one,"",before doctors decide on a treatment they usually discuss it with their patients,"1 agree stronlgly
2 agree
3 neither agree nor disagree
4 disagree
5 disagree strongly","",-1.0,English,ESS Round 2,Health,Doctor's treatment,"Facts, background, or behaviour",.,More than two-category scales,5,401,testa30,NA
0ba0a16728b9,"Please indicate on a scale of 0 to 10 how secure your job is , where 0 is not at all secure and 10 is very secure.  Please tick one box that is closest to your opinion.",select_one,"",please indicate on a scale of 0 to 10 how secure your job is where 0 is not at all secure and 10 is very secure that is closest to your opinion,"0 not at all secure
01
02
03
04
05
06
07
08
09
10 very secure","",0.55,English,ESS Round 2,Work,Prospects/career,Evaluative belief,.,More than two-category scales,11,404,testa33,NA
0c651a48a509,GPs rarely treat their patients as their equals.,select_one,"",gps rarely treat their patients as their equals,"1 agree strongly
2 agree
3 neither agree nor disagree
4 disagree
5 disagree strongly","",0.411,English,ESS Round 2,Health,Doctor's treatment,All other simple concepts,Evaluation,More than two-category scales,5,404,testa06,NA
9325af5c5276,Do employees need strong trade unions to protect their working conditions and wages ? Please tick one box.,select_one,"",do employees need strong trade unions to protect their working conditions and wages ?,"Definitely 
Probably 
Not sure either way 
Probably not 
Definitely not","",0.598,English,ESS Round 1,Work,Prospects/career,All other simple concepts,Norm,More than two-category scales,5,286,TEST36,NA
e94f163e1c26,The questions focus on the police in [country].  Based on what you have heard or your own experience how unsuccessful or successful do you think the police are at preventing crimes in [country] where violence is used or threatened? Please tick one box.,select_one,The questions focus on the police in [country].,based on what you have heard or your own experience how unsuccessful or successful do you think the police are at preventing crimes in [country] where violence is used or threatened?,"0 Very unsuccessful
1 Rather unsuccessful
2 Neither unsuccessful nor successful
3 Rather successful
4 Very successful",The questions focus on the police in [country].,0.481,English,ESS Round 5,National politics,.,All other simple concepts,Evaluation,More than two-category scales,5,299,testd13,NA
3cfc3bae8b34,"CBS is considering using data from smartphones and other devices to replace part of the data collection with questionnaires. This could make data collection easier and better.  Would you participate in a CBS survey which asks you to let your location be tracked for statistics on roads, public transport and travel behaviour?",select_one,CBS is considering using data from smartphones and other devices to replace part of the data collection with questionnaires. This could make data collection easier and better.,would you participate in a cbs survey which asks you to let your location be tracked for statistics on roads public transport and travel behaviour?,"ABSOLUTELY YES, PROBABLY YES, MAYBE, PROBABLY NO, ABSOLUTELY NO, DO NOT KNOW",CBS is considering using data from smartphones and other devices to replace part of the data collection with questionnaires. This could make data collection easier and better.,0.5135000000000001,English,smart_survey_perceptions,Other domains,.,Feeling,.,More than two-category scales,5,9,MWMG.9aE6,NA
ce6d0140ddfd,Having children strongly interferes with the freedom of parents.,select_one,"",having children strongly interferes with the freedom of parents,"Strongly agree
Agree
Neither agree nor disagree
Disagree
Strongly disagree","",0.472,English,Pretest SDM 2019,Family,Relations to members,Complex concepts,Other,More than two-category scales,5,15,attchi22,NA
d52bc6d03024,Wird Österreich durch Zuwanderer zu einem schlechteren oder besseren Ort zum Leben?,select_one,"",wird österreich durch zuwanderer zu einem schlechteren oder besseren ort zum leben?,"0 wird zu einem schlechteren Ort zum Leben
1
2
3
4 wird zu einem besseren Ort zum Leben","",0.567,German,ESS Round 6,Living conditions and background variables,Place of residence,Evaluative belief,.,More than two-category scales,5,30,teste30,NA
9ea9f2eb2405,Wie viel Zeit verbringen Sie an einem normalen Wochentag mit Radiohören?,select_one,"",wie viel zeit verbringen sie an einem normalen wochentag mit radiohören?,"0. überhaupt keine Zeit
1. sehr wenig Zeit.
2. ein wenig Zeit.
3. einige Zeit.
4. recht viel Zeit.
5. viel Zeit.
6. sehr viel Zeit.","",-1.0,German,ESS Round 4,Leisure activities,Radio,"Facts, background, or behaviour",.,More than two-category scales,7,287,testc14,NA
33a47cc8cc58,"Nun würden wir Ihnen gerne ein paar Fragen zu Staat und Politik stellen.  Bitte teilen Sie uns auf einer Skala von 0 bis 10 mit, wie sehr Sie persönlich dem  österreichischen Parlament vertrauen. Wenn Sie überhaupt kein Vertrauen haben, antworten Sie mit der Zahl 0. Wenn Sie vollkommenes Vertrauen haben, mit der Zahl 10. Sie können jede Zahl zwischen 0 und 10 vergeben.",integer,Nun würden wir Ihnen gerne ein paar Fragen zu Staat und Politik stellen.,bitte teilen sie uns auf einer skala von 0 bis 10 mit wie sehr sie persönlich dem österreichischen parlament vertrauen wenn sie überhaupt kein vertrauen haben antworten sie mit der zahl 0 wenn sie vollkommenes vertrauen haben mit der zahl 10 sie können jede zahl zwischen 0 und 10 vergeben,.,Nun würden wir Ihnen gerne ein paar Fragen zu Staat und Politik stellen.,0.67,German,ESS Round 4,National politics,.,Feeling,.,Numerical open-ended answers,11,289,testc28,NA
c828a677ac9a,How easy do you personally find it to take part in politics? Please tick one box.,select_one,"",how easy do you personally find it to take part in politics?,"Not at all easy
A little easy
Quite easy
Very easy
Extremely easy","",0.529,English,ESS Round 7,Personal relations,Membership of organisations,Complex concepts,Other,More than two-category scales,5,222,testf18,NA
b999d480808c,"On an average weekday, how much time, in total, do you spend watching television. Write in",integer,"",on an average weekday how much time in total do you spend watching television write in,"hours
and minutes","",-1.0,English,ESS Round 1,Leisure activities,Television,"Facts, background, or behaviour",.,Numerical open-ended answers,.,275,TEST1A,NA
2a47621acff9,How many cigarettes have you smoked in your entire life? A pack usually has 20 cigarettes in it.,select_one,"",how many cigarettes have you smoked in your entire life? a pack usually has 20 cigarettes in it,"Never smoked, even a puff
1 or more puffs but never a whole cigarette
1 to 10 cigarettes (about ½ pack total)
11 to 20 cigarettes (about ½ pack to 1 pack)
21 to 50 cigarettes (more than 1 pack but less than 3 packs)
51 to 99 cigarettes (more than 2 ½ packs but less than 5 packs)
100 or more cigarettes (5 packs or more)","",0.13000000000000003,English,AC_HAP,Health,Use of drugs,"Facts, background, or behaviour",.,More than two-category scales,7,1,.,NA
e2d534227bdc,"Bei den letzten Fragen geht es darum, wie Sie sich in der letzten Woche gefühlt haben oder was Sie in der letzten Woche getan haben könnten.  Wie sehr haben Sie sich in der letzten Woche deprimiert oder niedergeschlagen gefühlt?",select_one,"Bei den letzten Fragen geht es darum, wie Sie sich in der letzten Woche gefühlt haben oder was Sie in der letzten Woche getan haben könnten.",wie sehr haben sie sich in der letzten woche deprimiert oder niedergeschlagen gefühlt?,"0 überhaupt nicht deprimiert oder niedergeschlagen 
1
2
3
4
5 äußerst deprimiert oder niedergeschlagen","Bei den letzten Fragen geht es darum, wie Sie sich in der letzten Woche gefühlt haben oder was Sie in der letzten Woche getan haben könnten.",0.559,German,ESS Round 6,Health,Personal mental health condition,Feeling,.,More than two-category scales,6,34,teste34,NA
4129bfba4dd7,A pre-school child suffers if his or her mother works.,select_one,"",a pre-school child suffers if his or her mother works,"Strongly agree
Agree
Neither agree nor disagree 
Disagree
Strongly disagree","",0.474,English,Pretest SDM 2019,Family,Relations to members,Complex concepts,Other,More than two-category scales,5,7,genrol12,NA
7a1d785eddaf,How harmful do you think today’s cigarettes are compared to those of five years ago?,select_one,"",how harmful do you think today's cigarettes are compared to those of five years ago?,"Much less harmful 
Somewhat less harmful 
About the same
Somewhat more harmful 
Much more harmful","",0.492,English,AC_HAP,Health,Use of drugs,All other simple concepts,Relationship,More than two-category scales,5,3,.,NA
cad7e84653f1,How about people from the poorer countries outside Europe?,select_one,"",how about people from the poorer countries outside europe?,"1 Allow many to come and live here
2 Allow some
3 Allow a few 
4 Allow none","",0.661,English,ESS Round 3,National politics,.,All other simple concepts,Policy,More than two-category scales,4,336,testb15,NA
06d57c5a5eed,"And how important do you think being white should be in deciding whether someone born, brought up and living outside [country] should be able to come and live here? Please tick one box.",select_one,"",and how important do you think being white should be in deciding whether someone born brought up and living outside [country] should be able to come and live here?,"Extremely unimportant
Very unimportant
Quite unimportant
Rather unimportant
A bit unimportant
Neither unimportant nor important
A bit important
Rather important
Quite important
Very important
Extremely important","",0.4395,English,ESS Round 7,National politics,.,Importance of something,.,More than two-category scales,11,215,testf11,NA
3dc787efd6e2,"In welchem Maß stellen die Medien in Österreich Ihrer Meinung nach verlässliche Informationen für die Bürger/innen bereit, damit sie sich ein Urteil über die Regierung bilden können?",select_one,"",in welchem maß stellen die medien in österreich ihrer meinung nach verlässliche informationen für die bürger/innen bereit damit sie sich ein urteil über die regierung bilden können?,"0 nie
1
2
3
4
5
6
7
8
9
10 immer","",0.517,German,ESS Round 6,National politics,.,All other simple concepts,Judgement,More than two-category scales,11,9,teste9,NA
58f3e2f280a1,"Next, some questions about how you feel about yourself and your life.  Please read each question and tick the box on each line that shows how much you agree or disagree with each statement. I love learning new things.",select_one,"Next, some questions about how you feel about yourself and your life.",please read each question and tick the box on each line that shows how much you agree or disagree with each statement i love learning new things,"1 Agree strongly
2 Agree 
3 Neither agree nor disagree
4 Disagree 
5 Disagree strongly","Next, some questions about how you feel about yourself and your life.",0.554,English,ESS Round 3,Work,Further education,Feeling,.,More than two-category scales,5,328,testb7,NA
653bb7108e4a,Now we want to ask you questions about different values  Do you agree or disagree with the following statement: 'honesty is important?',integer,Now we want to ask you questions about different values,do you agree or disagree with the following statement: 'honesty is important?',"1 Agree strongly
2 Agree
3 Neither agree nor disagree 
4 Disagree
5 Disagree strongly 
    Don't know",Now we want to ask you questions about different values,0.5265,English,GESIS 2024 2,Other domains,.,Importance of something,.,Numerical open-ended answers,.,3,.,NA
231e18dd9cd1,"The next statements are about children and parenthood.  Regardless of whether you yourself have children, can you tell me how much you agree or disagree with each of the following statements.  Please choose one answer for each statement.  Watching children grow up is life's greatest joy.",select_one,The next statements are about children and parenthood.,regardless of whether you yourself have children can you tell me how much you agree or disagree with each of the following statements one answer for each statement watching children grow up is life's greatest joy,"Strongly agree
Agree
Neither agree nor disagree
Disagree
Strongly disagree",The next statements are about children and parenthood.,0.38199999999999995,English,Pretest SDM 2019,Family,Relations to members,Complex concepts,Other,More than two-category scales,5,14,attchi51,NA
63acc18300dd,"Now some questions about when the police deal with crimes like house burglary and physical assault.  Based on what you have heard or your own experience, how often would you say the police generally treat people in [country] with respect? Please tick one box.",select_one,Now some questions about when the police deal with crimes like house burglary and physical assault.,based on what you have heard or your own experience how often would you say the police generally treat people in [country] with respect?,"never 0
hardly ever 1
rarely 2
occasionally 3
sometimes 4
half of the time 5
more often than not 6
often 7
very often 8
almost always 9
always 10",Now some questions about when the police deal with crimes like house burglary and physical assault.,0.541,English,ESS Round 5,National politics,.,Evaluative belief,.,More than two-category scales,11,305,testd07,NA
4ca50094ed1e,"Nun würden wir Ihnen gerne ein paar Fragen zu Staat und Politik stellen.  Bitte teilen Sie uns auf einer Skala von 0 bis 10 mit, wie sehr Sie persönlich der Polizei  vertrauen. Wenn Sie überhaupt kein Vertrauen haben, antworten Sie mit der Zahl 0. Wenn Sie vollkommenes Vertrauen haben, mit der Zahl 10. Sie können jede Zahl zwischen 0 und 10 vergeben.",integer,Nun würden wir Ihnen gerne ein paar Fragen zu Staat und Politik stellen.,bitte teilen sie uns auf einer skala von 0 bis 10 mit wie sehr sie persönlich der polizei vertrauen wenn sie überhaupt kein vertrauen haben antworten sie mit der zahl 0 wenn sie vollkommenes vertrauen haben mit der zahl 10 sie können jede zahl zwischen 0 und 10 vergeben,.,Nun würden wir Ihnen gerne ein paar Fragen zu Staat und Politik stellen.,0.668,German,ESS Round 4,National politics,.,Feeling,.,Numerical open-ended answers,11,289,testc30,NA
9743b137cc7e,"People talk about the changing roles of men and women today.  For each of the following statements, can you tell me how much you agree or disagree with each.   Please choose one answer for each statement.  A working mother can establish just as warm and secure a relationship with her children as a mother who does not work.",select_one,People talk about the changing roles of men and women today.,for each of the following statements can you tell me how much you agree or disagree with each one answer for each statement a working mother can establish just as warm and secure a relationship with her children as a mother who does not work,"Strongly agree
Agree
Disagree
Strongly disagree",People talk about the changing roles of men and women today.,0.406,English,Pretest SDM 2019,Family,Relations to members,Complex concepts,Other,More than two-category scales,4,6,genrol01,NA
d84760bf0e1d,I find it easy to make my mind up about political issues.    Please tick one box.,select_one,"",i find it easy to make my mind up about political issues,"Disagree strongly 
Disagree 
Neither disagree nor agree 
Agree 
Agree strongly","",0.557,English,ESS Round 1,National politics,.,All other simple concepts,Evaluation,More than two-category scales,5,280,TEST6,NA
5e9f5f509d94,"If a violent crime were to occur near to where you live and the police were called, how slowly or quickly do you think they would arrive at the scene? Please tick one box.",select_one,"",if a violent crime were to occur near to where you live and the police were called how slowly or quickly do you think they would arrive at the scene?,"0 Very slowly
1 Rather slowly
2 Neither slowly nor quickly
3 Rather quickly
4 Very quickly","",0.488,English,ESS Round 5,National politics,.,All other simple concepts,Evaluation,More than two-category scales,5,301,testd15,NA
3d00c4e7c733,"please indicate on a scale of 0 to 10 how much your health and safety is at risk from your work, where 0 is not at all at risk and 10 is very much at risk. Please tick the box that is closest to your opinion.",select_one,"",please indicate on a scale of 0 to 10 how much your health and safety is at risk from your work where 0 is not at all at risk and 10 is very much at risk,"0 not at all at risk
01
02
03
04
05
06
07
08
09
10 very much at risk","",0.518,English,ESS Round 2,Work,Kind of work,Evaluative belief,.,More than two-category scales,11,405,testa34,NA
f3aca6a5fda1,Irish cultural life is generally undermined by people coming to live here from other countries,select_one,"",irish cultural life is generally undermined by people coming to live here from other countries,"0 Disagree strongly
1
2
3
4
5
6
7 Agree strongly","",0.475,English,ESS Round 3,Leisure activities,"Cultural activities (theatre, concert, exhibitions, etc.)",Evaluative belief,.,More than two-category scales,8,326,testb29,NA
ae4feca9d6de,If you had to choose between the following options which would you prefer?  Please show how close your opinion is to the statements below by choosing a number between 1 and 5.,select_one,If you had to choose between the following options which would you prefer?,please show how close your opinion is to the statements below by choosing a number between 1 and 5,"01 When jobs are scarce men should have more right to a job than women
02
03
04
05 When jobs are scarce women should have the same right to a job as men",If you had to choose between the following options which would you prefer?,0.483,English,ESS Round 2,Work,Working hours,All other simple concepts,Right,More than two-category scales,5,409,testa24,NA
399714be72ce,Nun würden wir Ihnen gerne ein paar Fragen zu Staat und Politik stellen.  Wie zufrieden sind Sie im Allgemeinen mit der derzeitigen Wirtschaftslage in Österreich?,select_one,Nun würden wir Ihnen gerne ein paar Fragen zu Staat und Politik stellen.,wie zufrieden sind sie im allgemeinen mit der derzeitigen wirtschaftslage in österreich?,"00. unzufrieden
01.
02.
03.
04.
05.
06.
07.
08.
09.
10. zufrieden",Nun würden wir Ihnen gerne ein paar Fragen zu Staat und Politik stellen.,0.657,German,ESS Round 4,National politics,.,Feeling,.,More than two-category scales,11,292,testc7,NA
3b5c0ed0c8a8,"Würden Sie sagen, dass das kulturelle Leben in Österreich im Allgemeinen von Zuwanderern, die nach Österreich kommen, untergraben oder bereichert wird?",select_one,"",würden sie sagen dass das kulturelle leben in österreich im allgemeinen von zuwanderern die nach österreich kommen untergraben oder bereichert wird?,"0 kulturelles Leben wird untergraben
1
2
3
4 kulturelles Leben wird bereichert","",0.585,German,ESS Round 6,Leisure activities,"Cultural activities (theatre, concert, exhibitions, etc.)",Evaluative belief,.,More than two-category scales,5,28,teste29,NA
bcee17d54ea3,"Elderly people are often a large burden on their families, for instance in terms of care-taking, financial expenses or limited mobility.",select_one,"",elderly people are often a large burden on their families for instance in terms of care-taking financial expenses or limited mobility,"Strongly agree
Agree
Slightly agree
Neither agree nor disagree
Slightly disagree
Disagree
Strongly disagree","",0.405,English,Pretest SDM 2019,Family,Relations to members,Complex concepts,Other,More than two-category scales,7,22,age22,NA
0ac67997a93b,If you had to chose between the following options which would you prefer?  Please show how close your opinion is to the statements below by choosing a number between 1 and 5.,select_one,If you had to chose between the following options which would you prefer?,please show how close your opinion is to the statements below by choosing a number between 1 and 5,"01 A woman should be prepared to cut down on her paid work for the sake of the family
02
03
04
05 A woman should not have to cut down on her paid work for the sake of the family",If you had to chose between the following options which would you prefer?,0.454,English,ESS Round 2,Family,Personal time budget,All other simple concepts,Norm,More than two-category scales,5,407,testa22,NA
b1b4dfba10ea,Having children increases people’s social standing in society.,select_one,"",having children increases people's social standing in society,"Completely agree
Agree
Disagree
Completely disagree","",0.51,English,Pretest SDM 2019,Family,Relations to members,Complex concepts,Other,More than two-category scales,4,19,attchi45,NA
4fdc7ff10bd3,Most days I feel a sense of accomplishment from what I do,select_one,"",most days i feel a sense of accomplishment from what i do,"0 Not at all 
1
2
3
4
5
6
7
8
9
10 Very much","",0.572,English,ESS Round 3,Work,Kind of work,Feeling,.,More than two-category scales,11,341,testb20,NA
fd6023e67021,"If it weren’t for elderly people opposed to changing the way things are, we could probably progress much more rapidly as a society.",select_one,"",if it weren't for elderly people opposed to changing the way things are we could probably progress much more rapidly as a society,"Strongly agree
Agree
Neither agree nor disagree
Disagree
Strongly disagree","",0.497,English,Pretest SDM 2019,Other domains,.,Complex concepts,Other,More than two-category scales,5,27,age56,NA
044e36cabaea,"Wenn Sie nun an die österreichische Bundesregierung denken, wie zufrieden sind Sie mit der Art und Weise, wie sie ihre Arbeit verrichtet?",select_one,"",wenn sie nun an die österreichische bundesregierung denken wie zufrieden sind sie mit der art und weise wie sie ihre arbeit verrichtet?,"00. unzufrieden
01.
02.
03.
04.
05.
06.
07.
08.
09.
10. zufrieden","",0.673,German,ESS Round 4,National politics,.,Feeling,.,More than two-category scales,11,293,testc8,NA
5852ae2bae5b,Having children restricts the employment and career chances of one or both parents.,select_one,"",having children restricts the employment and career chances of one or both parents,"Strongly agree
Agree
Neither agree nor disagree
Disagree
Strongly disagree","",0.451,English,Pretest SDM 2019,Family,Relations to members,Complex concepts,Other,More than two-category scales,5,17,attchi04,NA
68461676377a,"About how often would you say that the police make fair, impartial decisions in the cases they deal with? Please tick one box.",select_one,"",about how often would you say that the police make fair impartial decisions in the cases they deal with?,"0 Almost never
1
2
3
4
5
6
7
8
9
10 Almost always","",0.575,English,ESS Round 5,National politics,.,Evaluative belief,.,More than two-category scales,11,303,testd17,NA
00711368ffc5,"The next statements are about elderly people. By that, we mean people as of the age of 65.  For each of the following statements, can you tell me how much you agree or disagree with each.   Please choose one answer for each statement.  Elderly people are a big burden on the healthcare system.",select_one,"The next statements are about elderly people. By that, we mean people as of the age of 65.",for each of the following statements can you tell me how much you agree or disagree with each one answer for each statement elderly people are a big burden on the healthcare system,"Strongly agree
Agree
Slightly agree
Neither agree nor disagree
Slightly disagree
Disagree
Strongly disagree","The next statements are about elderly people. By that, we mean people as of the age of 65.",0.347,English,Pretest SDM 2019,Health,Other,Complex concepts,Other,More than two-category scales,7,21,age21,NA
f29b00802b51,How about people of a different race or ethnic group from most Irish people?,select_one,"",how about people of a different race or ethnic group from most irish people?,"1 Allow many to come and live here
2 Allow some
3 Allow a few 
4 Allow none","",0.672,English,ESS Round 3,National politics,.,All other simple concepts,Policy,More than two-category scales,4,335,testb14,NA
e954bee9d081,Now some questions about how likely it is that you would be caught and punished if you did certain things in [country].  How likely is it that you would be caught and punished if you made an exaggerated or false insurance claim? Please tick one box.,select_one,Now some questions about how likely it is that you would be caught and punished if you did certain things in [country].,how likely is it that you would be caught and punished if you made an exaggerated or false insurance claim?,"1 Not at all likely 
2 Not very likely 
3 Likely 
4 Very likely",Now some questions about how likely it is that you would be caught and punished if you did certain things in [country].,0.494,English,ESS Round 5,National politics,.,All other simple concepts,Judgement,More than two-category scales,4,308,testd10,NA
44bbb7b91546,How likely is it that you would be caught and punished in [country] if you bought something you thought might be stolen? Please tick one box.,select_one,"",how likely is it that you would be caught and punished in [country] if you bought something you thought might be stolen?,"1 Very unlikely
2
3
4 Very likely","",0.499,English,ESS Round 5,National politics,.,All other simple concepts,Judgement,More than two-category scales,4,306,testd20,NA
6a4d1cc8b5db,"Please say on a scale of 0 to 10 how much you trust Great Britain’s parliament.  If you have no trust at all give a score of 0.  If you have complete trust, give a score of 10.  The more you trust the parliament, the higher the score should be. Your score:",integer,"",please say on a scale of 0 to 10 how much you trust great britain's parliament if you have no trust at all give a score of 0 if you have complete trust give a score of 10 the more you trust the parliament the higher the score should be your score:,.,"",0.639,English,ESS Round 1,National politics,.,Feeling,.,Numerical open-ended answers,.,281,TEST31,NA
16e7b8ccc5b3,I like planning and preparing for the future,select_one,"",i like planning and preparing for the future,"0 Not at all 
1
2
3
4
5
6
7
8
9
10 Very much","",0.616,English,ESS Round 3,Living conditions and background variables,Other,Feeling,.,More than two-category scales,11,342,testb21,NA
1049ce3a5aa6,Earning your own money is the best way for a woman to stay independent.,select_one,"",earning your own money is the best way for a woman to stay independent,"Strongly agree
Agree
Neither agree nor disagree 
Disagree
Strongly disagree","",0.524,English,Pretest SDM 2019,Work,Prospects/career,Complex concepts,Other,More than two-category scales,5,10,genrol15,NA
ef3cfe0aaa44,There are people in my life who really care about me.,select_one,"",there are people in my life who really care about me,"1 Agree strongly
2 Agree 
3 Neither agree nor disagree
4 Disagree 
5 Disagree strongly","",0.52,English,ESS Round 3,Personal relations,Friends,Evaluative belief,.,More than two-category scales,5,332,testb11,NA
0560674b6a92,Older people should supply their younger relatives with money if they need it.,select_one,"",older people should supply their younger relatives with money if they need it,"Strongly agree
Agree
Neither agree nor disagree
Disagree
Strongly disagree","",0.476,English,Pretest SDM 2019,Family,Relations to relatives,Complex concepts,Other,More than two-category scales,5,23,age14,NA
761e82986088,It is unfair that older people get to vote on issues that will predominantly impact younger people.,select_one,"",it is unfair that older people get to vote on issues that will predominantly impact younger people,"Strongly agree
Agree
Neither agree nor disagree
Disagree
Strongly disagree","",0.547,English,Pretest SDM 2019,National politics,.,Complex concepts,Other,More than two-category scales,5,29,age10,NA
f82e647fa3fb,Having children interferes strongly with the freedom of parents.,select_one,"",having children interferes strongly with the freedom of parents,"Strongly agree
Agree
Neither agree nor disagree
Disagree
Strongly disagree","",0.472,English,Pretest SDM 2019,Family,Relations to members,Complex concepts,Other,More than two-category scales,5,15,attchi12,NA
4e3799e6b0a1,Please indicate on a scale of 0 to 10 how much you personally trust each of the following institutions.0 means that you do not trust an institution at all and 10 means you have complete trust.  please tick the box that is closest to your opinion.  the Dáil,select_one,"",please indicate on a scale of 0 to 10 how much you personally trust each of the following institutions 0 means that you do not trust an institution at all and 10 means you have complete trust the dáil,"0 no trust at all
01
02
03
04
05
06
07
08
09
10 complete trust","",0.665,English,ESS Round 2,National politics,.,Feeling,.,More than two-category scales,11,409,testa38,NA
ef7a46b37b4e,"Now thinking about the bristish government, how satisfied are you with the way it is doing its job? Please tick one box.",select_one,"",how satisfied are you with the way it is doing its job?,"Very dissatisfied 
Fairly dissatisfied 
Fairly satisfied 
Very satisfied","",0.506,English,ESS Round 1,National politics,.,Feeling,.,More than two-category scales,4,282,TEST8,NA
3137399643cb,Most older people don’t know when to clear the way for younger people.,select_one,"",most older people don't know when to clear the way for younger people,"Strongly agree
Agree
Neither agree nor disagree
Disagree
Strongly disagree","",0.523,English,Pretest SDM 2019,Other domains,.,Complex concepts,Other,More than two-category scales,5,27,age18,NA
bd65e680c2d9,Wie viel Zeit verbringen Sie an einem normalen Wochentag insgesamt mit dem Lesen von Zeitungen?,select_one,"",wie viel zeit verbringen sie an einem normalen wochentag insgesamt mit dem lesen von zeitungen?,"0. überhaupt keine Zeit
1. sehr wenig Zeit.
2. ein wenig Zeit.
3. einige Zeit.
4. recht viel Zeit.
5. viel Zeit.
6. sehr viel Zeit.","",-1.0,German,ESS Round 4,Leisure activities,Newspapers/periodicals,"Facts, background, or behaviour",.,More than two-category scales,7,288,testc15,NA
e02203a0c235,"Please indicate on a score of 0 to 10 how much you personally trust each of the institutions below.  0 means you do not trust an institution at all, and 10 means you have complete trust.  Please tick the box that is closest to your opinion. Britain’s   parliament",select_one,"",please indicate on a score of 0 to 10 how much you personally trust each of the institutions below 0 means you do not trust an institution at all and 10 means you have complete trust britain's parliament,"No trust at all









Complete trust","",0.646,English,ESS Round 1,National politics,.,Feeling,.,More than two-category scales,11,275,TEST13,NA
cb0e880b4b0d,"Now some questions about when the police deal with crimes like house burglary and physical assault.  Based on what you have heard or your own experience, how often would you say the police generally treat people in [country] with respect? Please tick one box",select_one,Now some questions about when the police deal with crimes like house burglary and physical assault.,based on what you have heard or your own experience how often would you say the police generally treat people in [country] with respect?,"0 Almost never
1
2
3
4
5
6
7
8
9
10 Almost always",Now some questions about when the police deal with crimes like house burglary and physical assault.,0.547,English,ESS Round 5,National politics,.,Evaluative belief,.,More than two-category scales,11,302,testd16,NA
2e40736e77bf,"Wo würden Sie auf dieser Skala die Partei einordnen, die Ihnen persönlich am liebsten ist, wobei 0 für „links“ und 10 für „rechts“ steht?",select_one,"",wo würden sie auf dieser skala die partei einordnen die ihnen persönlich am liebsten ist?,"0 links
1
2
3
4
5
6
7
8
9
10 rechts","",0.669,German,ESS Round 4,National politics,.,Feeling,.,More than two-category scales,11,296,testc35,NA
16a183bfbc39,"A toddler is likely to suffer if his or her mother works, regardless whether this is full- or part-time.",select_one,"",a toddler is likely to suffer if his or her mother works regardless whether this is full- or part-time,"Strongly agree
Agree
Neither agree nor disagree 
Disagree
Strongly disagree","",0.455,English,Pretest SDM 2019,Family,Relations to members,Complex concepts,Other,More than two-category scales,5,7,genrol52,NA
f6c57ea5f81f,"The next statements are about children and parenthood.  Regardless of whether you yourself have children, can you tell me how much you agree or disagree with each of the following statements.  Please choose one answer for each statement.  Watching children grow up is life's greatest joy",select_one,The next statements are about children and parenthood.,regardless of whether you yourself have children can you tell me how much you agree or disagree with each of the following statements one answer for each statement watching children grow up is life's greatest joy,"Strongly agree
Agree
Neither agree nor disagree
Disagree
Strongly disagree",The next statements are about children and parenthood.,0.38199999999999995,English,Pretest SDM 2019,Family,Relations to members,Complex concepts,Other,More than two-category scales,5,14,attchi21,NA
5f7d0c5b8713,"The next statements are about older people.  For each of the following statements, can you tell me how much you agree or disagree with each.   Please choose one answer for each statement.  Older people are too big a burden on the healthcare system.",select_one,The next statements are about older people.,for each of the following statements can you tell me how much you agree or disagree with each one answer for each statement older people are too big a burden on the healthcare system,"Strongly agree
Agree
Slightly agree
Slightly disagree
Disagree
Strongly disagree",The next statements are about older people.,0.397,English,Pretest SDM 2019,Health,Other,Complex concepts,Other,More than two-category scales,6,20,age01,NA
32bbf7f3b68a,"Have you ever smoked a cigarette, even one or two puffs?",select_one,"",have you ever smoked a cigarette even one or two puffs?,"Yes
No","",0.2926666666666667,English,AC_HAP,Health,Use of drugs,"Facts, background, or behaviour",.,Two-category scales,.,1,.,NA
a9a381440135,Ireland should allow more people from the poorer countries outside Europe to come and live here,select_one,"",ireland should allow more people from the poorer countries outside europe to come and live here,"0 Disagree strongly
1
2
3
4
5
6
7 Agree strongly","",0.543,English,ESS Round 3,National politics,.,All other simple concepts,Policy,More than two-category scales,8,324,testb27,NA
4e3f18f494b3,Both the man and the woman should contribute to the household income.,select_one,"",both the man and the woman should contribute to the household income,"Completely agree
Agree
Disagree
Completely disagree","",0.499,English,Pretest SDM 2019,Family,Household matters,Complex concepts,Other,More than two-category scales,4,11,genrol36,NA
e125e380a4b4,"And on the whole, how satisfied are you with the way democracy works in Britain ?  Please tick one box.",select_one,"",and on the whole how satisfied are you with the way democracy works in britain ?,"Extremely dissatisfied





Extremely satisfied","",0.59,English,ESS Round 1,National politics,.,Feeling,.,More than two-category scales,6,277,TEST27,NA
32c04d45dcbf,Women  should take more responsibility for the home and the children than men.,select_one,"",women should take more responsibility for the home and the children than men,"1 agree strongly
2 agree
3 neither agree nor disagree
4 disagree
5 disagree strongly","",0.421,English,ESS Round 2,Family,Household matters,All other simple concepts,Norm,More than two-category scales,5,407,testa09,NA
facadc7889e7,"Please indicate on a scale of 0 to 10 how varied your work is, where 0 is not at all varied and 10 is very varied.  Please tick the box that is closest to your opinion.",select_one,"",please indicate on a scale of 0 to 10 how varied your work is where 0 is not at all varied and 10 is very varied,"0 not at all varied
01
02
03
04
05
06
07
08
09
10 very varied","",0.558,English,ESS Round 2,Work,Kind of work,Evaluative belief,.,More than two-category scales,11,403,testa32,NA
a0442828ed2c,Both the husband and wife should contribute to household income.,select_one,"",both the husband and wife should contribute to household income,"Strongly agree
Agree
Neither agree nor disagree 
Disagree
Strongly disagree","",0.47,English,Pretest SDM 2019,Family,Household matters,Complex concepts,Other,More than two-category scales,5,11,genrol16,NA
e749938b221c,"The next statements are about older people.  For each of the following statements, can you tell me how much you agree or disagree with each.   Please choose one answer for each statement.  Older people are a financial burden on the healthcare system.",select_one,The next statements are about older people.,for each of the following statements can you tell me how much you agree or disagree with each one answer for each statement older people are a financial burden on the healthcare system,"Strongly agree
Agree
Neither agree nor disagree
Disagree
Strongly disagree",The next statements are about older people.,0.335,English,Pretest SDM 2019,Health,Other,Complex concepts,Other,More than two-category scales,5,20,age11,NA
046236c73dc6,When jobs are scarce women should have the same right to a job as men.,select_one,"",when jobs are scarce women should have the same right to a job as men,"1 agree strongly
2 agree
3 neither agree nor disagree
4 disagree
5 disagree strongly","",0.488,English,ESS Round 2,Work,Working hours,All other simple concepts,Right,More than two-category scales,5,408,testa10,NA
6c7d16eab836,The next set of questions is about children and parenthood.  To what extent do you agree or disagree with each of the following statements?  Please select one answer for each statement.   Watching their children grow up is parent's greatest joy in life.,select_one,The next set of questions is about children and parenthood.,to what extent do you agree or disagree with each of the following statements? please select one answer for each statement watching their children grow up is parent's greatest joy in life,"Completely agree
Agree
Disagree
Completely disagree",The next set of questions is about children and parenthood.,0.426,English,Pretest SDM 2019,Family,Relations to members,Complex concepts,Other,More than two-category scales,4,14,attchi31,NA
bb4d68f42711,"Was würden Sie ganz allgemein sagen: Wie sehr sind Sie mit Begeisterung bei dem, was Sie tun?",select_one,"",was würden sie ganz allgemein sagen: wie sehr sind sie mit begeisterung bei dem was sie tun?,"0 völlig ohne Begeisterung
1
2
3
4
5
6 
7
8
9
10 voll und ganz mit Begeisterung","",0.593,German,ESS Round 6,Other domains,.,Feeling,.,More than two-category scales,11,3,teste3,NA
7c725be187a0,Employees need strong trade unions to     protect their working conditions and wages.       Please tick one box.,select_one,"",employees need strong trade unions to protect their working conditions and wages,"Agree strongly
Agree
Neither agree or disagree
Disagree
Disagree strongly","",0.622,English,ESS Round 1,Work,Prospects/career,All other simple concepts,Norm,More than two-category scales,5,280,TEST18,NA
57b5f0b4fabb,Ireland is made a worse place to live by people coming to live here from other countries,select_one,"",ireland is made a worse place to live by people coming to live here from other countries,"0 Disagree strongly
1
2
3
4
5
6
7 Agree strongly","",0.508,English,ESS Round 3,Living conditions and background variables,Place of residence,All other simple concepts,Evaluation,More than two-category scales,8,327,testb30,NA
22245e6a186a,"Please indicate to what extent you agree or disagree with each of the following statements. The less that government intervenes in the economy, the better it is for Great Britain. Please tick one box.",select_one,"",please indicate to what extent you agree or disagree with each of the following statements the less that government intervenes in the economy the better it is for great britain,"Agree strongly
      Agree
      Neither agree nor disagree
      Disagree 
      Disagree strongly","",0.536,English,ESS Round 1,National politics,.,Evaluative belief,.,More than two-category scales,5,278,TEST16,NA
7dd3731281f6,Older people are a burden on families.,select_one,"",older people are a burden on families,"Completely agree
Agree
Disagree
Completely disagree","",0.496,English,Pretest SDM 2019,Family,Relations to members,Complex concepts,Other,More than two-category scales,4,22,age42,NA
b535d0306d09,Most older people don't know when to make way for younger people in the workplace.,select_one,"",most older people don't know when to make way for younger people in the workplace,"Completely agree
Agree
Disagree
Completely disagree","",0.54,English,Pretest SDM 2019,Other domains,.,Complex concepts,Other,More than two-category scales,4,28,age48,NA
32a9cf5a315b,In welchem Maß haben Sie in der letzten Woche unruhig geschlafen?,select_one,"",in welchem maß haben sie in der letzten woche unruhig geschlafen?,"0 überhaupt nicht unruhig geschlafen
1
2
3
4
5 äußerst unruhig geschlafen","",0.573,German,ESS Round 6,Health,Personal physical health condition,Feeling,.,More than two-category scales,6,35,teste35,NA
4378b9a5ec14,"On the whole, how satisfied are you with the present state of the economy in Great Britain? Please tick the box that is closest to your opinion, where 0 means extremely dissatisfied and 5 means extremely satisfied. Please tick one box.",select_one,"",on the whole how satisfied are you with the present state of the economy in great britain? where 0 means extremely dissatisfied and 5 means extremely satisfied,"Extremely dissatisfied




Extremely satisfied","",0.625,English,ESS Round 1,National politics,.,Feeling,.,More than two-category scales,6,275,TEST25,NA
8a8659d23ef2,"The next statements are about children and parenthood.  For each of the following statements, can you tell me how much you agree or disagree with each.   Please choose one answer for each statement.  Watching children grow up is life's greatest joy for parents.",select_one,The next statements are about children and parenthood.,for each of the following statements can you tell me how much you agree or disagree with each one answer for each statement watching children grow up is life's greatest joy for parents,"Strongly agree
Agree
Neither agree nor disagree
Disagree
Strongly disagree",The next statements are about children and parenthood.,0.387,English,Pretest SDM 2019,Family,Relations to members,Complex concepts,Other,More than two-category scales,5,14,attchi11,NA
457ec0626ee9,Elderly people ensure society's welfare with their wealth and assets.,select_one,"",elderly people ensure society's welfare with their wealth and assets,"Strongly agree
Agree
Neither agree nor disagree
Disagree
Strongly disagree","",0.503,English,Pretest SDM 2019,Other domains,.,Complex concepts,Other,More than two-category scales,5,24,age53b,NA
f2d573576403,Do you know the name of the brand of [cigarettes/roll-your-own cigarette tobacco] you [usually smoke/usually smoked/last smoked]?,select_one,"",do you know the name of the brand of [cigarettes/roll-your-own cigarette tobacco] you [usually smoke/usually smoked/last smoked]?,"Yes
No","",0.03633333333333333,English,AC_HAP,Health,Use of drugs,"Facts, background, or behaviour",.,Two-category scales,.,1,.,NA
0c9c0939cf27,"On the whole, how satisfied are you with the present state of the economy in Great Britain?  On the whole how satisfied are you with the present state of the economy in Britain?      Please tick one box.",select_one,"",on the whole how satisfied are you with the present state of the economy in britain?,"Very dissatisfied 
Fairly dissatisfied
Fairly satisfied
Very satisfied","On the whole, how satisfied are you with the present state of the economy in Great Britain?",0.474,English,ESS Round 1,National politics,.,Feeling,.,More than two-category scales,4,281,TEST7,NA
7b9dd04113e5,"The next statements are about children and parenthood.  For each of the following statements, can you tell me how much you agree or disagree with each.   Please choose one answer for each statement.  Watching children grow up is life's greatest joy.",select_one,The next statements are about children and parenthood.,for each of the following statements can you tell me how much you agree or disagree with each one answer for each statement watching children grow up is life's greatest joy,"Strongly agree
Agree
Neither agree nor disagree
Disagree
Strongly disagree",The next statements are about children and parenthood.,0.393,English,Pretest SDM 2019,Family,Relations to members,Complex concepts,Other,More than two-category scales,5,14,attchi01,NA
d55e95ea151a,"Der Staat sollte sicherstellen, dass alle Gruppen in der Gesellschaft gleich behandelt werden.",select_one,"",der staat sollte sicherstellen dass alle gruppen in der gesellschaft gleich behandelt werden,"1. stimme stark zu
2. stimme zu
3. weder noch
4. stimme nicht zu
5. stimme überhaupt nicht zu","",0.589,German,ESS Round 4,National politics,.,All other simple concepts,Policy,More than two-category scales,5,294,testc33,NA
249374e8696b,"Sollten Schwule und Lesben ihr Leben so führen dürfen, wie sie es wollen?",select_one,"",sollten schwule und lesben ihr leben so führen dürfen wie sie es wollen?,"1. sie sollten dies ganz sicher dürfen.
2. sie sollten dies wahrscheinlich dürfen.
3. weder dafür noch dagegen.
4. sie sollten dies wahrscheinlich nicht dürfen.
5. sie sollten dies ganz sicher nicht dürfen.","",0.63,German,ESS Round 4,National politics,.,All other simple concepts,Policy,More than two-category scales,5,296,testc11,NA
6c19ba5f8ce9,Welches Geschlecht haben Sie?,select_one,,,"Männlich
Weiblich
Divers",,,German,Demographische Standards 2024,,,,,,,,sex,false
bda5c010ec81,Wann sind Sie geboren?,date,,,,,,German,Demographische Standards 2024,,,,,,,,age,false
342695749d3a,Haben Sie die deutsche Staatsangehörigkeit?,select_one,,,"Ja
Nein",,,German,Demographische Standards 2024,,,,,,,,citizenship,false
59ce4a2b4a55,Haben Sie eine Arbeitserlaubnis?,select_one,,,"Ja
Nein",,,German,Demographische Standards 2024,,,,,,,,work_permit,false
2de46741bd8b,Sind Sie in Deutschland geboren worden?,select_one,,,"Ja
Nein",,,German,Demographische Standards 2024,,,,,,,,country_of_birth,true
c9b4739380d4,In welchem Jahr sind Sie nach Deutschland gezogen?,integer,,,,,,German,Demographische Standards 2024,,,,,,,,year_of_arrival,false
7a867899d3dd,Welchen Familienstand haben Sie?,select_one,,,"ledig, war noch nie verheiratet
verheiratet oder Eingetragene Lebenspartnerschaft, zusammenlebend
verheiratet oder Eingetragene Lebenspartnerschaft, aber in Trennung lebend
geschieden, Eingetragene Lebenspartnerschaft aufgehoben
verwitwet, Eingetragene*r Lebenspartner*in verstorben",,,German,Demographische Standards 2024,,,,,,,,marital_status,false
bdc227e9ee17,Welchen höchsten allgemeinbildenden Schulabschluss haben Sie?,select_one,,,"Schüler*in, besuche eine allgemeinbildende Vollzeitschule
Von der Schule abgegangen ohne Schulabschluss
Hauptschulabschluss, Volksschulabschluss oder vergleichbarer Abschluss
Polytechnische Oberschule der DDR mit Abschluss der 8. oder 9. Klasse
Realschulabschluss, Mittlere Reife oder vergleichbarer Abschluss
Polytechnische Oberschule der DDR mit Abschluss der 10. Klasse
Fachhochschulreife
Abitur, Allgemeine oder Fachgebundene Hochschulreife, Gymnasium bzw. EOS, auch EOS mit Lehre.
einen anderen Schulabschluss in einem anderen Land gemacht",,,German,Demographische Standards 2024,,,,,,,,school_education,false
34b71e2fa146,Welchen höchsten beruflichen Ausbildungsabschluss haben Sie?,select_one,,,"noch in Ausbildung oder Studium (auch Berufsvorbereitungsjahr, Praktikum, (Berufs-) Fachschule oder Ähnliches)
kein beruflicher Abschluss und nicht in beruflicher Ausbildung
Abschluss einer beruflich-betrieblichen Berufsausbildung, Lehre
berufsqualifizierender Abschluss einer beruflich-schulischen Ausbildung z.B. an einer Berufsfachschule oder einer Kollegschule
Abschluss einer Fach-, Meister-, Technikerschule, Verwaltungs- und Wirtschaftsakademie, Berufs- oder Fachakademie
Bachelor, Diplom (FH) Verwaltungsfachhochschule
Master, Diplom (Uni), Magister, Staatsexamen, Promotion
einen anderen beruflichen Abschluss in einem anderen Land gemacht",,,German,Demographische Standards 2024,,,,,,,,vocational_training,false
8fe79bab1520,Welche Erwerbssituation passt für Sie?,select_one,,,"Vollzeiterwerbstätig gemäß den branchenüblichen oder betrieblichen Regeln
Teilzeiterwerbstätig, auch Midijob, aber kein Minijob
Geringfügig, gelegentlich, kurzfristig oder unregelmäßig beschäftigt (520-Euro-Job, Minijob, Ein-Euro-Job, Saisonarbeit)
Altersteilzeit, unabhängig davon, ob in der Arbeits- oder Freistellungsphase befindlich
in einer beruflichen Ausbildung
in Umschulung
Freiwilliger Wehrdienst
Bundesfreiwilligendienst, freiwilliges soziales oder ökologisches Jahr
Erwerbsunterbrechung wegen Mutterschutz, Elternzeit, Pflegezeit oder Familienpflegezeit
Nicht erwerbstätig",,,German,Demographische Standards 2024,,,,,,,,main_activity,false
9ad82ae1a74b,Wie viele Beschäftigungsverhältnisse in abhängiger Beschäftigung haben Sie?,select_one,,,"Eins
Zwei
Drei oder mehr
Nicht abhängig beschäftigt, ausschließlich selbständig oder freiberuflich tätig",,,German,Demographische Standards 2024,,,,,,,,employment_status,false
857077d129f6,Welche berufliche Tätigkeit üben sie aus?,text,,,,,,German,Demographische Standards 2024,,,,,,,,occupation,false
d36947bca847,Welche berufliche Stellung haben oder hatten Sie in ihrer hauptsächlich ausgeübten Erwerbstätigkeit?,select_one,,,"Selbständige*r Landwirt*in oder Genossenschaftsbauer
Selbständige*r, Freiberufler*in ohne Beschäftigte
Selbständige*r, Freiberufler*in mit Beschäftigten
Akademiker*in in Freiem Beruf (Arzt/Ärztin, Rechtsanwalt/Rechtsanwältin, Steuerberater*in und Ähnliches)
Selbständig im Handel, Im Gastgewerbe, im Handwerk, in der Industrie, in der Dienstleistung, auch Ich-AG oder PGH-Mitglied
Beamtenanwärter*in
Beamter/Beamtin, Richter*in, Berufssoldat*in
Angestellte*r
Arbeiter*in
in einer beruflichen Ausbildung/Lehre
Mithelfende*r Familienangehörige*r",,,German,Demographische Standards 2024,,,,,,,,occupational_position,false
1cda9ca4813b,Wie häufig nutzen Sie das Internet?,select_one,,,"täglich
mehrmals die Woche
einmal die Woche
seltener
nie",,,German,Demographische Standards 2024,,,,,,,,communication_usage,false
0392a1503e37,Wie viele Personen leben ständig in Ihrem Haushalt?,integer,,,,,,German,Demographische Standards 2024,,,,,,,,household_size,false
7ece34c1e38c,Wie hoch ist das monatliche Haushaltsnettoeinkommen?,select_one,,,"unter 500 Euro
500 bis unter 750 Euro
750 bis unter 1.000 Euro
1.000 bis unter 1.250 Euro
1.250 bis unter 1.500 Euro
1.500 bis unter 1.750 Euro
1.750 bis unter 2.000 Euro
2.000 bis unter 2.250 Euro
2.250 bis unter 2.500 Euro
2.500 bis unter 2.750 Euro
2.750 bis unter 3.000 Euro
3.000 bis unter 3.250 Euro
3.250 bis unter 3.500 Euro
3.500 bis unter 4.000 Euro
4.000 bis unter 4.500 Euro
4.500 bis unter 5.000 Euro
5.000 bis unter 6.000 Euro
6.000 bis unter 7.000 Euro
7.000 bis unter 8.000 Euro
8.000 bis unter 10.000 Euro
10.000 bis unter 15.000 Euro
15.000 bis unter 25.000 Euro
25.000 Euro und mehr",,,German,Demographische Standards 2024,,,,,,,,household_income,false
c6152714dc27,Do you currently have a job or do any unpaid work outside your home?,select_one,"",Do you currently have a job or do any unpaid work outside your home?,"Yes
No","",,English,International Physical Activity Questionnaire,Health,Physical activity,Physical activity,Physical activity,Numerical open-ended answers,,,ipaq_1,NA
1176791f2b59,"During the last 7 days, on how many days did you do vigorous physical activities like heavy lifting, digging, heavy construction, or climbing up stairs as part of your work? Think about only those physical activities that you did for at least 10 minutes at a time.",integer,"","During the last 7 days, on how many days did you do vigorous physical activities like heavy lifting, digging, heavy construction, or climbing up stairs as part of your work? Think about only those physical activities that you did for at least 10 minutes at a time.",,"",,English,International Physical Activity Questionnaire,Health,Physical activity,Physical activity,Physical activity,Numerical open-ended answers,,,ipaq_2,NA
39d0b0dcdd05,How much time did you usually spend on one of those days doing vigorous physical activities as part of your work?,integer,"",How much time did you usually spend on one of those days doing vigorous physical activities as part of your work?,,"",,English,International Physical Activity Questionnaire,Health,Physical activity,Physical activity,Physical activity,Numerical open-ended answers,,,ipaq_3,NA
cadde11f3d64,"Again, think about only those physical activities that you did for at least 10 minutes at a time. During the last 7 days, on how many days did you do moderate physical activities like carrying light loads as part of your work? Please do not include walking.",integer,"","Again, think about only those physical activities that you did for at least 10 minutes at a time. During the last 7 days, on how many days did you do moderate physical activities like carrying light loads as part of your work? Please do not include walking.",,"",,English,International Physical Activity Questionnaire,Health,Physical activity,Physical activity,Physical activity,Numerical open-ended answers,,,ipaq_4,NA
e864082d059f,How much time did you usually spend on one of those days doing moderate physical activities as part of your work?,integer,"",How much time did you usually spend on one of those days doing moderate physical activities as part of your work?,,"",,English,International Physical Activity Questionnaire,Health,Physical activity,Physical activity,Physical activity,Numerical open-ended answers,,,ipaq_5,NA
504dee98d095,"During the last 7 days, on how many days did you walk for at least 10 minutes at a time as part of your work? Please do not count any walking you did to travel to or from work.",integer,"","During the last 7 days, on how many days did you walk for at least 10 minutes at a time as part of your work? Please do not count any walking you did to travel to or from work.",,"",,English,International Physical Activity Questionnaire,Health,Physical activity,Physical activity,Physical activity,Numerical open-ended answers,,,ipaq_6,NA
c6b5733c3ed8,How much time did you usually spend on one of those days walking as part of your work?,integer,"",How much time did you usually spend on one of those days walking as part of your work?,,"",,English,International Physical Activity Questionnaire,Health,Physical activity,Physical activity,Physical activity,Numerical open-ended answers,,,ipaq_7,NA
e562bb64b827,"During the last 7 days, on how many days did you travel in a motor vehicle like a train, bus, car, or tram?",integer,"","During the last 7 days, on how many days did you travel in a motor vehicle like a train, bus, car, or tram?",,"",,English,International Physical Activity Questionnaire,Health,Physical activity,Physical activity,Physical activity,Numerical open-ended answers,,,ipaq_8,NA
4b232477a8c7,"How much time did you usually spend on one of those days traveling in a train, bus, car, tram, or other kind of motor vehicle?",integer,"","How much time did you usually spend on one of those days traveling in a train, bus, car, tram, or other kind of motor vehicle?",,"",,English,International Physical Activity Questionnaire,Health,Physical activity,Physical activity,Physical activity,Numerical open-ended answers,,,ipaq_9,NA
78b4f4b7a6c8,"During the last 7 days, on how many days did you bicycle for at least 10 minutes at a time to go from place to place?",integer,"","During the last 7 days, on how many days did you bicycle for at least 10 minutes at a time to go from place to place?",,"",,English,International Physical Activity Questionnaire,Health,Physical activity,Physical activity,Physical activity,Numerical open-ended answers,,,ipaq_10,NA
a29a86facc3c,How much time did you usually spend on one of those days to bicycle from place to place?,integer,"",How much time did you usually spend on one of those days to bicycle from place to place?,,"",,English,International Physical Activity Questionnaire,Health,Physical activity,Physical activity,Physical activity,Numerical open-ended answers,,,ipaq_11,NA
6c816be3e2f4,"During the last 7 days, on how many days did you walk for at least 10 minutes at a time to go from place to place?",integer,"","During the last 7 days, on how many days did you walk for at least 10 minutes at a time to go from place to place?",,"",,English,International Physical Activity Questionnaire,Health,Physical activity,Physical activity,Physical activity,Numerical open-ended answers,,,ipaq_12,NA
6b69507be8e9,How much time did you usually spend on one of those days walking from place to place?,integer,"",How much time did you usually spend on one of those days walking from place to place?,,"",,English,International Physical Activity Questionnaire,Health,Physical activity,Physical activity,Physical activity,Numerical open-ended answers,,,ipaq_13,NA
55cc5dcf6701,"Think about only those physical activities that you did for at least 10 minutes at a time. During the last 7 days, on how many days did you do vigorous physical activities like heavy lifting, chopping wood, shoveling snow, or digging in the garden or yard?",integer,"","Think about only those physical activities that you did for at least 10 minutes at a time. During the last 7 days, on how many days did you do vigorous physical activities like heavy lifting, chopping wood, shoveling snow, or digging in the garden or yard?",,"",,English,International Physical Activity Questionnaire,Health,Physical activity,Physical activity,Physical activity,Numerical open-ended answers,,,ipaq_14,NA
e2e46e160693,How much time did you usually spend on one of those days doing vigorous physical activities in the garden or yard?,integer,"",How much time did you usually spend on one of those days doing vigorous physical activities in the garden or yard?,,"",,English,International Physical Activity Questionnaire,Health,Physical activity,Physical activity,Physical activity,Numerical open-ended answers,,,ipaq_15,NA
1e338db8fd13,"Again, think about only those physical activities that you did for at least 10 minutes at a time. During the last 7 days, on how many days did you do moderate activities like carrying light loads, sweeping, washing windows, and raking in the garden or yard?",integer,"","Again, think about only those physical activities that you did for at least 10 minutes at a time. During the last 7 days, on how many days did you do moderate activities like carrying light loads, sweeping, washing windows, and raking in the garden or yard?",,"",,English,International Physical Activity Questionnaire,Health,Physical activity,Physical activity,Physical activity,Numerical open-ended answers,,,ipaq_16,NA
b77a78eafe55,How much time did you usually spend on one of those days doing moderate physical activities in the garden or yard?,integer,"",How much time did you usually spend on one of those days doing moderate physical activities in the garden or yard?,,"",,English,International Physical Activity Questionnaire,Health,Physical activity,Physical activity,Physical activity,Numerical open-ended answers,,,ipaq_17,NA
b9757a2cad07,"Once again, think about only those physical activities that you did for at least 10 minutes at a time. During the last 7 days, on how many days did you do moderate activities like carrying light loads, washing windows, scrubbing floors and sweeping inside your home?",integer,"","Once again, think about only those physical activities that you did for at least 10 minutes at a time. During the last 7 days, on how many days did you do moderate activities like carrying light loads, washing windows, scrubbing floors and sweeping inside your home?",,"",,English,International Physical Activity Questionnaire,Health,Physical activity,Physical activity,Physical activity,Numerical open-ended answers,,,ipaq_18,NA
467b2d8d32dc,How much time did you usually spend on one of those days doing moderate physical activities inside your home?,integer,"",How much time did you usually spend on one of those days doing moderate physical activities inside your home?,,"",,English,International Physical Activity Questionnaire,Health,Physical activity,Physical activity,Physical activity,Numerical open-ended answers,,,ipaq_19,NA
1648fb999021,"Not counting any walking you have already mentioned, during the last 7 days, on how many days did you walk for at least 10 minutes at a time in your leisure time?",integer,"","Not counting any walking you have already mentioned, during the last 7 days, on how many days did you walk for at least 10 minutes at a time in your leisure time?",,"",,English,International Physical Activity Questionnaire,Health,Physical activity,Physical activity,Physical activity,Numerical open-ended answers,,,ipaq_20,NA
5609122dde86,How much time did you usually spend on one of those days walking in your leisure time?,integer,"",How much time did you usually spend on one of those days walking in your leisure time?,,"",,English,International Physical Activity Questionnaire,Health,Physical activity,Physical activity,Physical activity,Numerical open-ended answers,,,ipaq_21,NA
1def0bf7f91f,"Think about only those physical activities that you did for at least 10 minutes at a time. During the last 7 days, on how many days did you do vigorous physical activities like aerobics, running, fast bicycling, or fast swimming in your leisure time?",integer,"","Think about only those physical activities that you did for at least 10 minutes at a time. During the last 7 days, on how many days did you do vigorous physical activities like aerobics, running, fast bicycling, or fast swimming in your leisure time?",,"",,English,International Physical Activity Questionnaire,Health,Physical activity,Physical activity,Physical activity,Numerical open-ended answers,,,ipaq_22,NA
239c3bd97536,How much time did you usually spend on one of those days doing vigorous physical activities in your leisure time?,integer,"",How much time did you usually spend on one of those days doing vigorous physical activities in your leisure time?,,"",,English,International Physical Activity Questionnaire,Health,Physical activity,Physical activity,Physical activity,Numerical open-ended answers,,,ipaq_23,NA
a762f55853c4,"Again, think about only those physical activities that you did for at least 10 minutes at a time. During the last 7 days, on how many days did you do moderate physical activities like bicycling at a regular pace, swimming at a regular pace, and doubles tennis in your leisure time?",integer,"","Again, think about only those physical activities that you did for at least 10 minutes at a time. During the last 7 days, on how many days did you do moderate physical activities like bicycling at a regular pace, swimming at a regular pace, and doubles tennis in your leisure time?",,"",,English,International Physical Activity Questionnaire,Health,Physical activity,Physical activity,Physical activity,Numerical open-ended answers,,,ipaq_24,NA
75b4b849bd75,How much time did you usually spend on one of those days doing moderate physical activities in your leisure time?,integer,"",How much time did you usually spend on one of those days doing moderate physical activities in your leisure time?,,"",,English,International Physical Activity Questionnaire,Health,Physical activity,Physical activity,Physical activity,Numerical open-ended answers,,,ipaq_25,NA
4996446fa9e2,"During the last 7 days, how much time did you usually spend sitting on a weekday?",integer,"","During the last 7 days, how much time did you usually spend sitting on a weekday?",,"",,English,International Physical Activity Questionnaire,Health,Physical activity,Physical activity,Physical activity,Numerical open-ended answers,,,ipaq_26,NA
07fc4a4cd05e,"During the last 7 days, how much time did you usually spend sitting on a weekend day?",integer,"","During the last 7 days, how much time did you usually spend sitting on a weekend day?",,"",,English,International Physical Activity Questionnaire,Health,Physical activity,Physical activity,Physical activity,Numerical open-ended answers,,,ipaq_27,NA
b10b6dc06ca5,What aspects of your experience stood out the most? ,text,"",What aspects of your experience stood out the most? ,"","",,English,Maze Questionnaire,User Research,Product,Recall,Recall,Open-ended answers,,,maze_1,NA
d3b5a2baa4bb,What are you currently doing to make this [PROBLEM] / [TASK] easier?,text,"",What are you currently doing to make this [PROBLEM] / [TASK] easier?,"","",,English,Maze Questionnaire,User Research,"Problem, Solution, Task",Opportunity,Opportunity,Open-ended answers,,,maze_2,NA
3ba4933fc0d0,Do you have any additional thoughts you would like to share about the new feature?,text,"",Do you have any additional thoughts you would like to share about the new feature?,"","",,English,Maze Questionnaire,User Research,Product,"Sentiment, Wrap-up","Sentiment, Wrap-up",Open-ended answers,,,maze_3,NA
fc00cb7d55d3,How does this [PROBLEM] impact other areas of your work?,text,"",How does this [PROBLEM] impact other areas of your work?,"","",,English,Maze Questionnaire,User Research,"Pain, Problem, Task",Opportunity,Opportunity,Open-ended answers,,,maze_4,NA
daf895663634,What other solutions have you tried when looking to accomplish [TASK]?,text,"",What other solutions have you tried when looking to accomplish [TASK]?,"","",,English,Maze Questionnaire,User Research,"Product, Solution, Task","Motivation, Opportunity","Motivation, Opportunity",Open-ended answers,,,maze_5,NA
0e420e052e44,What is the most challenging aspect of [PROBLEM]?,text,"",What is the most challenging aspect of [PROBLEM]?,"","",,English,Maze Questionnaire,User Research,"Problem, Task",Opportunity,Opportunity,Open-ended answers,,,maze_6,NA
276430645a98,What type of workarounds have you created to help you with this [TASK]?,text,"",What type of workarounds have you created to help you with this [TASK]?,"","",,English,Maze Questionnaire,User Research,"Problem, Solution, Task",Opportunity,Opportunity,Open-ended answers,,,maze_7,NA
93bc337398f8,What do you like about how you currently solve [PROBLEM]?,text,"",What do you like about how you currently solve [PROBLEM]?,"","",,English,Maze Questionnaire,User Research,"Problem, Solution","Opportunity, Sentiment","Opportunity, Sentiment",Open-ended answers,,,maze_8,NA
263538c9ca49,What aspects of the design stood out to you?,text,"",What aspects of the design stood out to you?,"","",,English,Maze Questionnaire,User Research,Design,Desirable,Desirable,Open-ended answers,,,maze_9,NA
3dc1d581ac1f,To what extend do you feel this design was made for you?,text,"",To what extend do you feel this design was made for you?,"","",,English,Maze Questionnaire,User Research,"Design, Solution",Sentiment,Sentiment,Open-ended answers,,,maze_10,NA
3f51316defbd,"How, if at all, do you expect [PRODUCT] to help you accomplish your business goals?",text,"","How, if at all, do you expect [PRODUCT] to help you accomplish your business goals?","","",,English,Maze Questionnaire,User Research,"Goal, Product",Expectation,Expectation,Open-ended answers,,,maze_11,NA
7e1309ca1743,Is there anything else about [PRODUCT] that you would like to share?,text,"",Is there anything else about [PRODUCT] that you would like to share?,"","",,English,Maze Questionnaire,User Research,Product,"Sentiment, Wrap-up","Sentiment, Wrap-up",Open-ended answers,,,maze_12,NA
6075b4be6c76,What are your primary business goals?,text,"",What are your primary business goals?,"","",,English,Maze Questionnaire,User Research,Goal,"Motivation, Useful","Motivation, Useful",Open-ended answers,,,maze_13,NA
af4c5fce8399,Will you continue to use [FEATURE]?,text,"",Will you continue to use [FEATURE]?,"","",,English,Maze Questionnaire,User Research,Product,"Desirable, Sentiment","Desirable, Sentiment",Open-ended answers,,,maze_14,NA
7cdc3eb68d6d,What's the single most important thing we could do to make [PRODUCT] better?,text,"",What's the single most important thing we could do to make [PRODUCT] better?,"","",,English,Maze Questionnaire,User Research,Product,Opportunity,Opportunity,Open-ended answers,,,maze_15,NA
15222146e9e0,At what price point is [PRODUCT] too expensive?,text,"",At what price point is [PRODUCT] too expensive?,"","",,English,Maze Questionnaire,User Research,Product,Pricing,Pricing,Open-ended answers,,,maze_16,NA
b2af6dac206f,"Before we start, what you do professionally?",text,"","Before we start, what you do professionally?","","",,English,Maze Questionnaire,User Research,People,"Demographics, Findable","Demographics, Findable",Open-ended answers,,,maze_17,NA
7ba9d808957a,How did you feel about the task you performed?,text,"",How did you feel about the task you performed?,"","",,English,Maze Questionnaire,User Research,Task,Usable,Usable,Open-ended answers,,,maze_18,NA
1491d93871e7,"Overall, how easy or difficult was it to perform this task?",text,"","Overall, how easy or difficult was it to perform this task?","","",,English,Maze Questionnaire,User Research,Task,Usable,Usable,Open-ended answers,,,maze_19,NA
4be3fbc5136b,Did the [FEATURE] work as you had expected?,text,"",Did the [FEATURE] work as you had expected?,"","",,English,Maze Questionnaire,User Research,Product,"Expectation, Sentiment","Expectation, Sentiment",Open-ended answers,,,maze_20,NA
b97d55c001ad,Do you have any challenges with your current solution?,text,"",Do you have any challenges with your current solution?,"","",,English,Maze Questionnaire,User Research,"Pain, Solution",Opportunity,Opportunity,Open-ended answers,,,maze_21,NA
6c3d0f2fbbfe,"If any, what challenges do you face with your current solution?",text,"","If any, what challenges do you face with your current solution?","","",,English,Maze Questionnaire,User Research,"Pain, Solution",Opportunity,Opportunity,Open-ended answers,,,maze_22,NA
2db5e6aa843d,"If any, what problems do you face when you do [TASK]?",text,"","If any, what problems do you face when you do [TASK]?","","",,English,Maze Questionnaire,User Research,"Pain, Task",Opportunity,Opportunity,Open-ended answers,,,maze_23,NA
818bc603f4b3,What workarounds have you created for addressing any challenges you may have with your current solution?,text,"",What workarounds have you created for addressing any challenges you may have with your current solution?,"","",,English,Maze Questionnaire,User Research,"Pain, Solution",Opportunity,Opportunity,Open-ended answers,,,maze_24,NA
519176de1097,What parts of the [PRODUCT] did you like the most?,text,"",What parts of the [PRODUCT] did you like the most?,"","",,English,Maze Questionnaire,User Research,Product,Desirable,Desirable,Open-ended answers,,,maze_25,NA
4d7edaaa03bc,What could be improved?,text,"",What could be improved?,"","",,English,Maze Questionnaire,User Research,"Design, Product, Solution","Opportunity, Sentiment, Usable","Opportunity, Sentiment, Usable",Open-ended answers,,,maze_26,NA
4cc0336a3894,What could we do to improve this [FEATURE]?,text,"",What could we do to improve this [FEATURE]?,"","",,English,Maze Questionnaire,User Research,Product,"Desirable, Sentiment, Usable","Desirable, Sentiment, Usable",Open-ended answers,,,maze_27,NA
43b86c10e51b,Any other feedback you'd like to add?,text,"",Any other feedback you'd like to add?,"","",,English,Maze Questionnaire,User Research,Product,"Sentiment, Wrap-up","Sentiment, Wrap-up",Open-ended answers,,,maze_28,NA
d5e01d1909df,What parts of the [PRODUCT] did you like the least?,text,"",What parts of the [PRODUCT] did you like the least?,"","",,English,Maze Questionnaire,User Research,Product,"Desirable, Usable","Desirable, Usable",Open-ended answers,,,maze_29,NA
13065aa5ead6,Do you have any additional feedback for the team?,text,"",Do you have any additional feedback for the team?,"","",,English,Maze Questionnaire,User Research,Product,"Sentiment, Wrap-up","Sentiment, Wrap-up",Open-ended answers,,,maze_30,NA
7dd9b37d14d9,What would you expect to see from the website?,text,"",What would you expect to see from the website?,"","",,English,Maze Questionnaire,User Research,Product,Expectation,Expectation,Open-ended answers,,,maze_31,NA
4b0bdb78e32b,How did you find the language used on the website?,text,"",How did you find the language used on the website?,"","",,English,Maze Questionnaire,User Research,"Copy, Product","Clarity, Sentiment","Clarity, Sentiment",Open-ended answers,,,maze_32,NA
f34f6b7cebed,What are your thoughts on the layout?,text,"",What are your thoughts on the layout?,"","",,English,Maze Questionnaire,User Research,"Design, Product","Sentiment, Usable","Sentiment, Usable",Open-ended answers,,,maze_33,NA
e5f2c55ca508,Any additional feedback on your experience with the website?,text,"",Any additional feedback on your experience with the website?,"","",,English,Maze Questionnaire,User Research,Product,"Sentiment, Wrap-up","Sentiment, Wrap-up",Open-ended answers,,,maze_34,NA
cb832c2af198,How much would you pay for [PRODUCT]?,text,"",How much would you pay for [PRODUCT]?,"","",,English,Maze Questionnaire,User Research,Product,Pricing,Pricing,Open-ended answers,,,maze_35,NA
c3f55e057b22,What would you expect to happen once you've [TASK]?,text,"",What would you expect to happen once you've [TASK]?,"","",,English,Maze Questionnaire,User Research,"Design, Task","Expectation, Usable","Expectation, Usable",Open-ended answers,,,maze_36,NA
8a56b3f7a1bd,What is the main thing you recall?,text,"",What is the main thing you recall?,"","",,English,Maze Questionnaire,User Research,Design,Recall,Recall,Open-ended answers,,,maze_37,NA
ddab82723203,"Based on what you saw, what do you think this product offers?",text,"","Based on what you saw, what do you think this product offers?","","",,English,Maze Questionnaire,User Research,Product,"Recall, Valuable","Recall, Valuable",Open-ended answers,,,maze_38,NA
c032c1f40af2,Do you have any final thoughts on what you saw today?,text,"",Do you have any final thoughts on what you saw today?,"","",,English,Maze Questionnaire,User Research,Product,"Sentiment, Wrap-up","Sentiment, Wrap-up",Open-ended answers,,,maze_39,NA
173e16ec875b,What are your thoughts on the visual appearance of this page?,text,"",What are your thoughts on the visual appearance of this page?,"","",,English,Maze Questionnaire,User Research,Design,Sentiment,Sentiment,Open-ended answers,,,maze_40,NA
1638e9e7d6dc,Was there any other option you considered selecting instead?,text,"",Was there any other option you considered selecting instead?,"","",,English,Maze Questionnaire,User Research,"Design, Task",Usable,Usable,Open-ended answers,,,maze_41,NA
4fbd780d7de9,What has led you to not start using [FEATURE]?,text,"",What has led you to not start using [FEATURE]?,"","",,English,Maze Questionnaire,User Research,Product,"Desirable, Usable","Desirable, Usable",Open-ended answers,,,maze_42,NA
f43e26aa17e2,"If any, please share any challenges you've faced while trying to use [FEATURE].",text,"","If any, please share any challenges you've faced while trying to use [FEATURE].","","",,English,Maze Questionnaire,User Research,"Problem, Product, Solution","Desirable, Usable","Desirable, Usable",Open-ended answers,,,maze_43,NA
07894412c5c3,What would prevent you from achieving [GOAL]?,text,"",What would prevent you from achieving [GOAL]?,"","",,English,Maze Questionnaire,User Research,"Goal, Problem",Opportunity,Opportunity,Open-ended answers,,,maze_44,NA
eda9606142c1,"Please complete this sentence: ""The biggest challenge my team has with [PRODUCT] / [SOLUTION] is...""",text,"","Please complete this sentence: ""The biggest challenge my team has with [PRODUCT] / [SOLUTION] is...""","","",,English,Maze Questionnaire,User Research,"Pain, Problem","Desirable, Sentiment, Usable","Desirable, Sentiment, Usable",Open-ended answers,,,maze_45,NA
b2a936f7f84a,How many people work at your current organization? ,text,"",How many people work at your current organization? ,"","",,English,Maze Questionnaire,User Research,People,Demographics,Demographics,Open-ended answers,,,maze_46,NA
25559c0dc554,What is the name of your department at your current company?,text,"",What is the name of your department at your current company?,"","",,English,Maze Questionnaire,User Research,People,Demographics,Demographics,Open-ended answers,,,maze_47,NA
bc671b147196,How involved are you in the decision-making process when it comes to purchasing a new tool for work?,text,"",How involved are you in the decision-making process when it comes to purchasing a new tool for work?,"","",,English,Maze Questionnaire,User Research,People,Demographics,Demographics,Open-ended answers,,,maze_48,NA
c062630692d8,Which of the following best describes your current employment?,text,"",Which of the following best describes your current employment?,"","",,English,Maze Questionnaire,User Research,People,Demographics,Demographics,Open-ended answers,,,maze_49,NA
f39668071e27,What made you buy [PRODUCT]?,text,"",What made you buy [PRODUCT]?,"","",,English,Maze Questionnaire,User Research,"Adoption, Product, Solution","Desirable, Expectation, Sentiment, Valuable","Desirable, Expectation, Sentiment, Valuable",Open-ended answers,,,maze_50,NA
335709b12980,Walk me through the first time you did [TASK],text,"",Walk me through the first time you did [TASK],"","",,English,Maze Questionnaire,User Research,Task,Recall,Recall,Open-ended answers,,,maze_51,NA
614707ab41d9,Describe your first impression of our website in three words,text,"",Describe your first impression of our website in three words,"","",,English,Maze Questionnaire,User Research,Product,Sentiment,Sentiment,Open-ended answers,,,maze_52,NA
b75716d82459,How confident did you feel while using [FEATURE]?,text,"",How confident did you feel while using [FEATURE]?,"","",,English,Maze Questionnaire,User Research,"Adoption, Product","Recall, Sentiment, Usable","Recall, Sentiment, Usable",Open-ended answers,,,maze_53,NA
87c4bf89fa37,What was your first impression of Concept A?,text,"",What was your first impression of Concept A?,"","",,English,Maze Questionnaire,User Research,Design,"Recall, Sentiment","Recall, Sentiment",Open-ended answers,,,maze_54,NA
5f408a10cdb9,How believable is the claim?,text,"",How believable is the claim?,"","",,English,Maze Questionnaire,User Research,"Content, Copy",Sentiment,Sentiment,Open-ended answers,,,maze_55,NA
a366c0e7a415,What is the primary reason why you are canceling your account?,text,"",What is the primary reason why you are canceling your account?,"","",,English,Maze Questionnaire,User Research,"Adoption, Problem, Product",Motivation,Motivation,Open-ended answers,,,maze_56,NA
2872bd23120c,What is your main goal when [TASK]?,text,"",What is your main goal when [TASK]?,"","",,English,Maze Questionnaire,User Research,"Goal, Task",Useful,Useful,Open-ended answers,,,maze_57,NA
8546f8de0e56,How did you first learn about [PRODUCT]?,text,"",How did you first learn about [PRODUCT]?,"","",,English,Maze Questionnaire,User Research,Product,Findable,Findable,Open-ended answers,,,maze_58,NA
59275a421824,Would you be interested in follow-up research with a member of the User Research team at [COMPANY]?,text,"",Would you be interested in follow-up research with a member of the User Research team at [COMPANY]?,"","",,English,Maze Questionnaire,User Research,Product,"Demographics, Wrap-up","Demographics, Wrap-up",Open-ended answers,,,maze_59,NA
f8ee7ffef600,"Imagine that in this very moment, [PRODUCT] is no longer available to you and your team. Which of the following best reflects how you feel about this?",text,"","Imagine that in this very moment, [PRODUCT] is no longer available to you and your team. Which of the following best reflects how you feel about this?","","",,English,Maze Questionnaire,User Research,Product,"Sentiment, Valuable","Sentiment, Valuable",Open-ended answers,,,maze_60,NA
c876b507618a,Which of the following industries best describes your current company/organization?,text,"",Which of the following industries best describes your current company/organization?,"","",,English,Maze Questionnaire,User Research,People,Demographics,Demographics,Open-ended answers,,,maze_61,NA
c02b3dde3cbb,Which of the following best describes your job function?,text,"",Which of the following best describes your job function?,"","",,English,Maze Questionnaire,User Research,People,Demographics,Demographics,Open-ended answers,,,maze_62,NA
fa88250ba0a8,What does your role look like at your company?,text,"",What does your role look like at your company?,"","",,English,Maze Questionnaire,User Research,People,Demographics,Demographics,Open-ended answers,,,maze_63,NA
d01fae936b5f,How integral is [PRODUCT] in your day to day work?,text,"",How integral is [PRODUCT] in your day to day work?,"","",,English,Maze Questionnaire,User Research,Product,"Sentiment, Valuable","Sentiment, Valuable",Open-ended answers,,,maze_64,NA
aff64859c396,How likely are you to recommend [PRODUCT] to a friend or colleague?,text,"",How likely are you to recommend [PRODUCT] to a friend or colleague?,"","",,English,Maze Questionnaire,User Research,"People, Product",Sentiment,Sentiment,Open-ended answers,,,maze_65,NA
8f777d052ed9,How might you go about performing [TASK]?,text,"",How might you go about performing [TASK]?,"","",,English,Maze Questionnaire,User Research,Task,"Expectation, Usable","Expectation, Usable",Open-ended answers,,,maze_66,NA
b50bfde9cbff,How did you feel overall when learning how to use [PRODUCT] in [SCENARIO]?,text,"",How did you feel overall when learning how to use [PRODUCT] in [SCENARIO]?,"","",,English,Maze Questionnaire,User Research,Product,"Findable, Usable","Findable, Usable",Open-ended answers,,,maze_67,NA
c4626ac9dd8d,What feeling best describes your experience completing [TASK]?,text,"",What feeling best describes your experience completing [TASK]?,"","",,English,Maze Questionnaire,User Research,Task,Usable,Usable,Open-ended answers,,,maze_68,NA
6ae9bbbbde22,Did the experience meet your expectations?,text,"",Did the experience meet your expectations?,"","",,English,Maze Questionnaire,User Research,Product,"Expectation, Valuable","Expectation, Valuable",Open-ended answers,,,maze_69,NA
32906ea0d447,How effectively does this communicate [THEME]?,text,"",How effectively does this communicate [THEME]?,"","",,English,Maze Questionnaire,User Research,"Copy, Design",Clarity,Clarity,Open-ended answers,,,maze_70,NA
d38e2fc7e9d1,How do you feel with [FEATURE]?,text,"",How do you feel with [FEATURE]?,"","",,English,Maze Questionnaire,User Research,Product,"Sentiment, Usable, Valuable","Sentiment, Usable, Valuable",Open-ended answers,,,maze_71,NA
7ad040d65007,How would you rate your overall experience with [PRODUCT]?,text,"",How would you rate your overall experience with [PRODUCT]?,"","",,English,Maze Questionnaire,User Research,Product,"Sentiment, Usable","Sentiment, Usable",Open-ended answers,,,maze_72,NA
26feb0456ab3,If you could change one thing about the design what would it be?,text,"",If you could change one thing about the design what would it be?,"","",,English,Maze Questionnaire,User Research,Design,Sentiment,Sentiment,Open-ended answers,,,maze_73,NA
dfaf1724623d,Any challenges encountered while setting up [FEATURE]?,text,"",Any challenges encountered while setting up [FEATURE]?,"","",,English,Maze Questionnaire,User Research,"Design, Product","Findable, Usable","Findable, Usable",Open-ended answers,,,maze_74,NA
af9eaa860f4e,What is the main reason you use [PRODUCT]?,text,"",What is the main reason you use [PRODUCT]?,"","",,English,Maze Questionnaire,User Research,Product,"Desirable, Sentiment, Valuable","Desirable, Sentiment, Valuable",Open-ended answers,,,maze_75,NA
66baeaa25a24,"For how many, if any, of your work responsibilities do you rely on [PRODUCT]?",text,"","For how many, if any, of your work responsibilities do you rely on [PRODUCT]?","","",,English,Maze Questionnaire,User Research,"Product, Solution",Sentiment,Sentiment,Open-ended answers,,,maze_76,NA
d513338cff28,Which of the following best reflects your attitudes towards [PRODUCT]?,text,"",Which of the following best reflects your attitudes towards [PRODUCT]?,"","",,English,Maze Questionnaire,User Research,Product,Sentiment,Sentiment,Open-ended answers,,,maze_77,NA
5d7809e7f0e7,What tools are most important to help you accomplish your key responsibilities?,text,"",What tools are most important to help you accomplish your key responsibilities?,"","",,English,Maze Questionnaire,User Research,Solution,Sentiment,Sentiment,Open-ended answers,,,maze_78,NA
530e47e0aca8,"Please complete this sentence: ""The most frustrating part of using [PRODUCT] is…”",text,"","Please complete this sentence: ""The most frustrating part of using [PRODUCT] is…”","","",,English,Maze Questionnaire,User Research,"Pain, Product",Sentiment,Sentiment,Open-ended answers,,,maze_79,NA
37f614ec296f,"Please complete the following sentence: ""With [PRODUCT], I hope that me/my team can...""",text,"","Please complete the following sentence: ""With [PRODUCT], I hope that me/my team can...""","","",,English,Maze Questionnaire,User Research,"Product, Solution",Expectation,Expectation,Open-ended answers,,,maze_80,NA
a3b98aa88ffe,What teams do you work with on a daily basis?,text,"",What teams do you work with on a daily basis?,"","",,English,Maze Questionnaire,User Research,People,Demographics,Demographics,Open-ended answers,,,maze_81,NA
c84d92509e98,Which of the tools that you use at work has the largest impact on your work?,text,"",Which of the tools that you use at work has the largest impact on your work?,"","",,English,Maze Questionnaire,User Research,Product,"Sentiment, Valuable","Sentiment, Valuable",Open-ended answers,,,maze_82,NA
6d3643abc82e,How do you prefer to be trained on new software?,text,"",How do you prefer to be trained on new software?,"","",,English,Maze Questionnaire,User Research,"Adoption, Product",Useful,Useful,Open-ended answers,,,maze_83,NA
802e697411e6,There are no other products like [PRODUCT] out there.,text,"",There are no other products like [PRODUCT] out there.,"","",,English,Maze Questionnaire,User Research,Product,"Sentiment, Valuable","Sentiment, Valuable",Open-ended answers,,,maze_84,NA
bb3eabef4b9e,Is anything missing from your experience?,text,"",Is anything missing from your experience?,"","",,English,Maze Questionnaire,User Research,People,Useful,Useful,Open-ended answers,,,maze_85,NA
2da09cb800d0,Are there any elements on the website that you believe are missing?,text,"",Are there any elements on the website that you believe are missing?,"","",,English,Maze Questionnaire,User Research,Product,"Findable, Usable","Findable, Usable",Open-ended answers,,,maze_86,NA
7f33aebab4e5,"We may be interested in contacting you to learn more about your answers, are you open to us doing so?",text,"","We may be interested in contacting you to learn more about your answers, are you open to us doing so?","","",,English,Maze Questionnaire,User Research,People,"Sentiment, Wrap-up","Sentiment, Wrap-up",Open-ended answers,,,maze_87,NA
ec46ef862b29,Were there any aspects of the messaging that you found confusing?,text,"",Were there any aspects of the messaging that you found confusing?,"","",,English,Maze Questionnaire,User Research,"Copy, Design",Clarity,Clarity,Open-ended answers,,,maze_88,NA
04fb853c0051,Have you ever used a website or app that lets you [SERVICE]?,text,"",Have you ever used a website or app that lets you [SERVICE]?,"","",,English,Maze Questionnaire,User Research,"Product, Solution","Findable, Recall, Valuable","Findable, Recall, Valuable",Open-ended answers,,,maze_89,NA
4026f9c932bd,Have you started using [FEATURE]?,text,"",Have you started using [FEATURE]?,"","",,English,Maze Questionnaire,User Research,Adoption,Demographics,Demographics,Open-ended answers,,,maze_90,NA
0024c5db4193,Have you used [PRODUCT] before?,text,"",Have you used [PRODUCT] before?,"","",,English,Maze Questionnaire,User Research,Adoption,Demographics,Demographics,Open-ended answers,,,maze_91,NA
0966a2c309d9,Was the navigation as expected?,text,"",Was the navigation as expected?,"","",,English,Maze Questionnaire,User Research,"Design, Product","Expectation, Usable","Expectation, Usable",Open-ended answers,,,maze_92,NA
5c3b8099b604,"On a scale of 1-10, how was your experience when signing up?",text,"","On a scale of 1-10, how was your experience when signing up?","","",,English,Maze Questionnaire,User Research,Design,Sentiment,Sentiment,Open-ended answers,,,maze_93,NA
c0bb83c21237,Please describe your experience of navigating the site.,text,"",Please describe your experience of navigating the site.,"","",,English,Maze Questionnaire,User Research,Design,Sentiment,Sentiment,Open-ended answers,,,maze_94,NA
6a3eac686ee5,What was your first impression of the design?,text,"",What was your first impression of the design?,"","",,English,Maze Questionnaire,User Research,Design,"Recall, Sentiment","Recall, Sentiment",Open-ended answers,,,maze_95,NA
90208d9d8bad,How understandable was the information on this page?,text,"",How understandable was the information on this page?,"","",,English,Maze Questionnaire,User Research,"Copy, Design",Clarity,Clarity,Open-ended answers,,,maze_96,NA
e922d4c152ec,Please rate your overall experience using [FEATURE].,text,"",Please rate your overall experience using [FEATURE].,"","",,English,Maze Questionnaire,User Research,Product,Sentiment,Sentiment,Open-ended answers,,,maze_97,NA
36df45bb7987,Did you run into any problems with [FEATURE]?,text,"",Did you run into any problems with [FEATURE]?,"","",,English,Maze Questionnaire,User Research,"Problem, Product",Usable,Usable,Open-ended answers,,,maze_98,NA
576f22577b9a,How would you go about signing up for the product?,text,"",How would you go about signing up for the product?,"","",,English,Maze Questionnaire,User Research,"Design, Product, Task","Findable, Usable","Findable, Usable",Open-ended answers,,,maze_99,NA
8f08700949ba,Which features do you use the most?,text,"",Which features do you use the most?,"","",,English,Maze Questionnaire,User Research,Adoption,Demographics,Demographics,Open-ended answers,,,maze_100,NA
2f4e73cdc159,What type of operating system do you currently use on your phone?,text,"",What type of operating system do you currently use on your phone?,"","",,English,Maze Questionnaire,User Research,People,Demographics,Demographics,Open-ended answers,,,maze_101,NA
1de1cebef343,When solving [PROBLEM] what is most important for you?,text,"",When solving [PROBLEM] what is most important for you?,"","",,English,Maze Questionnaire,User Research,Solution,"Useful, Valuable","Useful, Valuable",Open-ended answers,,,maze_102,NA
bd1878c93006,Where did you first find out about [PRODUCT]?,text,"",Where did you first find out about [PRODUCT]?,"","",,English,Maze Questionnaire,User Research,Product,Findable,Findable,Open-ended answers,,,maze_103,NA
050d70838a07,What are the most important tasks you need to perform when using [PRODUCT]?,text,"",What are the most important tasks you need to perform when using [PRODUCT]?,"","",,English,Maze Questionnaire,User Research,"Goal, Product, Task",Useful,Useful,Open-ended answers,,,maze_104,NA
9fc4342f9fa0,How often do you do [TASK]?,text,"",How often do you do [TASK]?,"","",,English,Maze Questionnaire,User Research,Task,Recall,Recall,Open-ended answers,,,maze_105,NA
5c702deaf90e,Which image do you prefer?,text,"",Which image do you prefer?,"","",,English,Maze Questionnaire,User Research,Design,Sentiment,Sentiment,Open-ended answers,,,maze_106,NA
9b7175e5ba64,How often do you [ACTIVITY]?,text,"",How often do you [ACTIVITY]?,"","",,English,Maze Questionnaire,User Research,People,Demographics,Demographics,Open-ended answers,,,maze_107,NA
af726b9fa411,How would you describe the level of information provided?,text,"",How would you describe the level of information provided?,"","",,English,Maze Questionnaire,User Research,"Copy, Design",Clarity,Clarity,Open-ended answers,,,maze_108,NA
6154c02a8c5a,Where would you find [FEATURE] within this page?,text,"",Where would you find [FEATURE] within this page?,"","",,English,Maze Questionnaire,User Research,Design,Findable,Findable,Open-ended answers,,,maze_109,NA
d80cfa19d67d,Did you know about [PRODUCT] before?,text,"",Did you know about [PRODUCT] before?,"","",,English,Maze Questionnaire,User Research,"Product, Solution","Findable, Recall","Findable, Recall",Open-ended answers,,,maze_110,NA
728b45160b8d,Could you explain what you consider when using [PRODUCT] to [TASK]?,text,"",Could you explain what you consider when using [PRODUCT] to [TASK]?,"","",,English,Maze Questionnaire,User Research,"Product, Task","Expectation, Sentiment","Expectation, Sentiment",Open-ended answers,,,maze_111,NA
b81f83eae57f,Had you ever heard of [COMPANY]?,text,"",Had you ever heard of [COMPANY]?,"","",,English,Maze Questionnaire,User Research,"People, Product","Clarity, Findable, Recall","Clarity, Findable, Recall",Open-ended answers,,,maze_112,NA
cbe6a8dc86e0,To what extend do you feel this product is similar to any others?,text,"",To what extend do you feel this product is similar to any others?,"","",,English,Maze Questionnaire,User Research,Product,Sentiment,Sentiment,Open-ended answers,,,maze_113,NA
784c91b949d8,What do you expect to gain from using this product?,text,"",What do you expect to gain from using this product?,"","",,English,Maze Questionnaire,User Research,"Goal, Product","Expectation, Useful, Valuable","Expectation, Useful, Valuable",Open-ended answers,,,maze_114,NA
7a6baace688d,Where do you think someone would use this [FEATURE]?,text,"",Where do you think someone would use this [FEATURE]?,"","",,English,Maze Questionnaire,User Research,"Adoption, People, Product",Sentiment,Sentiment,Open-ended answers,,,maze_115,NA
7c81484bced1,When do you think someone would use this [FEATURE]?,text,"",When do you think someone would use this [FEATURE]?,"","",,English,Maze Questionnaire,User Research,"Adoption, People, Product",Sentiment,Sentiment,Open-ended answers,,,maze_116,NA
11672e647569,What alternative method would you use to perform [TASK]?,text,"",What alternative method would you use to perform [TASK]?,"","",,English,Maze Questionnaire,User Research,"Solution, Task",Usable,Usable,Open-ended answers,,,maze_117,NA
b2c501de5248,Have you faced anything surprising?,text,"",Have you faced anything surprising?,"","",,English,Maze Questionnaire,User Research,"Design, Task","Expectation, Usable","Expectation, Usable",Open-ended answers,,,maze_118,NA
7b6e4cf5dd7a,How likely would you be to purchase [PRODUCT]?,text,"",How likely would you be to purchase [PRODUCT]?,"","",,English,Maze Questionnaire,User Research,Product,"Desirable, Sentiment, Valuable","Desirable, Sentiment, Valuable",Open-ended answers,,,maze_119,NA
ebf0be902c3f,Tell me about the last time you [ACTION],text,"",Tell me about the last time you [ACTION],"","",,English,Maze Questionnaire,User Research,People,Recall,Recall,Open-ended answers,,,maze_120,NA
579e2afb6e3f,What haven’t we asked you that you think would be valuable for us to know?,text,"",What haven’t we asked you that you think would be valuable for us to know?,"","",,English,Maze Questionnaire,User Research,Product,"Useful, Wrap-up","Useful, Wrap-up",Open-ended answers,,,maze_121,NA
a3a5fe0507ef,Were you aware that [PRODUCT] offers [FEATURE]?,text,"",Were you aware that [PRODUCT] offers [FEATURE]?,"","",,English,Maze Questionnaire,User Research,"Product, Solution","Findable, Recall","Findable, Recall",Open-ended answers,,,maze_122,NA
5c6d61548965,How long do you expect the [TASK] to take?,text,"",How long do you expect the [TASK] to take?,"","",,English,Maze Questionnaire,User Research,Task,Expectation,Expectation,Open-ended answers,,,maze_123,NA
fb1772047ec2,How much time do you typically spend on [PROBLEM]?,text,"",How much time do you typically spend on [PROBLEM]?,"","",,English,Maze Questionnaire,User Research,"Problem, Task",Recall,Recall,Open-ended answers,,,maze_124,NA
5ee2a963096f,When is the last time you [action]?,text,"",When is the last time you [action]?,"","",,English,Maze Questionnaire,User Research,"Adoption, Product, Screener",Demographics,Demographics,Open-ended answers,,,maze_125,NA
b0d5b116cfc4,How proficient are you with [tool]?,text,"",How proficient are you with [tool]?,"","",,English,Maze Questionnaire,User Research,Screener,Demographics,Demographics,Open-ended answers,,,maze_126,NA
b829e0a14a4a,"Reflecting on the past 12 months, how often does your organisation [action]?",text,"","Reflecting on the past 12 months, how often does your organisation [action]?","","",,English,Maze Questionnaire,User Research,"Adoption, Screener",Demographics,Demographics,Open-ended answers,,,maze_127,NA
6b85b7374557,"In the last 12 months, did your consider purchasing a tool for [task]?",text,"","In the last 12 months, did your consider purchasing a tool for [task]?","","",,English,Maze Questionnaire,User Research,"Adoption, Screener",Demographics,Demographics,Open-ended answers,,,maze_128,NA
357401caefad,Roughly what percentage of your job involves [task] or supporting others’ [task]? ,text,"",Roughly what percentage of your job involves [task] or supporting others’ [task]? ,"","",,English,Maze Questionnaire,User Research,People,Demographics,Demographics,Open-ended answers,,,maze_129,NA
f48a3bfba7a3,What would motivate someone would use this [PRODUCT] / [FEATURE]?,text,"",What would motivate someone would use this [PRODUCT] / [FEATURE]?,"","",,English,Maze Questionnaire,User Research,"Product, Solution","Desirable, Opportunity, Sentiment, Valuable","Desirable, Opportunity, Sentiment, Valuable",Open-ended answers,,,maze_130,NA
9d0db4e3cb5a,What group(s) of people do you think would use this [PRODUCT] / [FEATURE]?,text,"",What group(s) of people do you think would use this [PRODUCT] / [FEATURE]?,"","",,English,Maze Questionnaire,User Research,"People, Product","Demographics, Opportunity","Demographics, Opportunity",Open-ended answers,,,maze_131,NA
438e81c23a7a,What would prevent people from using [PRODUCT] / [FEATURE]?,text,"",What would prevent people from using [PRODUCT] / [FEATURE]?,"","",,English,Maze Questionnaire,User Research,"Adoption, People, Product","Opportunity, Useful","Opportunity, Useful",Open-ended answers,,,maze_132,NA
c36dbff9b2d5,What is the most you would be willing to spend to purchase this [PRODUCT]?,text,"",What is the most you would be willing to spend to purchase this [PRODUCT]?,"","",,English,Maze Questionnaire,User Research,Adoption,"Pricing, Valuable","Pricing, Valuable",Open-ended answers,,,maze_133,NA
2defc1379b21,Does this remind you of any other products?,text,"",Does this remind you of any other products?,"","",,English,Maze Questionnaire,User Research,Product,"Recall, Sentiment","Recall, Sentiment",Open-ended answers,,,maze_134,NA
58add525a6ba,Tell us about your typical workday,text,"",Tell us about your typical workday,"","",,English,Maze Questionnaire,User Research,People,"Demographics, Recall","Demographics, Recall",Open-ended answers,,,maze_135,NA
625f53960b70,What apps or websites do you use the most in a given week?,text,"",What apps or websites do you use the most in a given week?,"","",,English,Maze Questionnaire,User Research,"Adoption, Product","Demographics, Recall","Demographics, Recall",Open-ended answers,,,maze_136,NA
a800d0aaf38a,What is most appealing about this [PRODUCT] / [FEATURE]?,text,"",What is most appealing about this [PRODUCT] / [FEATURE]?,"","",,English,Maze Questionnaire,User Research,"Design, Product","Desirable, Sentiment, Valuable","Desirable, Sentiment, Valuable",Open-ended answers,,,maze_137,NA
14bce4bb9f77,Was there anything that you expected to be included in this product? ,text,"",Was there anything that you expected to be included in this product? ,"","",,English,Maze Questionnaire,User Research,Product,Expectation,Expectation,Open-ended answers,,,maze_138,NA
e6e74c8d3623,What devices do you typically use when utilizing the [PRODUCT]?,text,"",What devices do you typically use when utilizing the [PRODUCT]?,"","",,English,Maze Questionnaire,User Research,"Adoption, Product",Demographics,Demographics,Open-ended answers,,,maze_139,NA
3672014b2d7d,How would you describe your previous experience with [PRODUCT] / [COMPANY]?,text,"",How would you describe your previous experience with [PRODUCT] / [COMPANY]?,"","",,English,Maze Questionnaire,User Research,"People, Product","Recall, Sentiment","Recall, Sentiment",Open-ended answers,,,maze_140,NA
90a8cb614dee,Can you see yourself ever using a product like this?,text,"",Can you see yourself ever using a product like this?,"","",,English,Maze Questionnaire,User Research,Product,Sentiment,Sentiment,Open-ended answers,,,maze_141,NA
70aa68e1aef2,Would you use this product today?,text,"",Would you use this product today?,"","",,English,Maze Questionnaire,User Research,"Adoption, Product","Desirable, Sentiment, Valuable","Desirable, Sentiment, Valuable",Open-ended answers,,,maze_142,NA
c2b5a40e20e9,Tell me about your experience using your current [PRODUCT].,text,"",Tell me about your experience using your current [PRODUCT].,"","",,English,Maze Questionnaire,User Research,Product,Sentiment,Sentiment,Open-ended answers,,,maze_143,NA
b296112037d1,"""Describe your initial impressions of the on-boarding experience within the app?""",text,"","""Describe your initial impressions of the on-boarding experience within the app?""","","",,English,Maze Questionnaire,User Research,"Adoption, Product","Recall, Sentiment, Usable","Recall, Sentiment, Usable",Open-ended answers,,,maze_144,NA
8ec1749a131e,How successful were you at completing this task?,text,"",How successful were you at completing this task?,"","",,English,Maze Questionnaire,User Research,Task,Usable,Usable,Open-ended answers,,,maze_145,NA
46d31c26b48a,How did you feel about the amount of time it took to complete this task?,text,"",How did you feel about the amount of time it took to complete this task?,"","",,English,Maze Questionnaire,User Research,Task,Recall,Recall,Open-ended answers,,,maze_146,NA
69114a935657,What do you expect to happen after [TASK]?,text,"",What do you expect to happen after [TASK]?,"","",,English,Maze Questionnaire,User Research,Task,Expectation,Expectation,Open-ended answers,,,maze_147,NA
06817aecf048,What do you think your next step is here?,text,"",What do you think your next step is here?,"","",,English,Maze Questionnaire,User Research,Task,Expectation,Expectation,Open-ended answers,,,maze_148,NA
ea7995896ba6,Take a moment to look at this page. Think aloud and describe your initial impressions.,text,"",Take a moment to look at this page. Think aloud and describe your initial impressions.,"","",,English,Maze Questionnaire,User Research,Design,Clarity,Clarity,Open-ended answers,,,maze_149,NA
a70542490d50,What would your expect to happen next?,text,"",What would your expect to happen next?,"","",,English,Maze Questionnaire,User Research,Task,Expectation,Expectation,Open-ended answers,,,maze_150,NA
f1fdc17aac37,What are your three most important activities?,text,"",What are your three most important activities?,"","",,English,Maze Questionnaire,User Research,Goal,Motivation,Motivation,Open-ended answers,,,maze_151,NA
e1be264795a5,How often do you use [PRODUCT]?,text,"",How often do you use [PRODUCT]?,"","",,English,Maze Questionnaire,User Research,"Adoption, Product","Demographics, Usable","Demographics, Usable",Open-ended answers,,,maze_152,NA
d8c4670f3138,How long have you [ACTIVITY]?,text,"",How long have you [ACTIVITY]?,"","",,English,Maze Questionnaire,User Research,People,Demographics,Demographics,Open-ended answers,,,maze_153,NA
0ec1dc59d430,What could make this experience better for you?,text,"",What could make this experience better for you?,"","",,English,Maze Questionnaire,User Research,Solution,Sentiment,Sentiment,Open-ended answers,,,maze_154,NA
0e756fde57e7,What was your overall impression of PRODUCT?,text,"",What was your overall impression of PRODUCT?,"","",,English,Maze Questionnaire,User Research,"Design, Product","Sentiment, Usable","Sentiment, Usable",Open-ended answers,,,maze_155,NA
c9cfaff6f7ad,Which tools or frameworks have you used in the past to accomplish [TASK]?,text,"",Which tools or frameworks have you used in the past to accomplish [TASK]?,"","",,English,Maze Questionnaire,User Research,"Product, Solution",Recall,Recall,Open-ended answers,,,maze_156,NA
3f9f868af993,What is your age?,text,"",What is your age?,"","",,English,Maze Questionnaire,User Research,People,Demographics,Demographics,Open-ended answers,,,maze_157,NA
58449e1bc189,To which gender identity do you most identify?,text,"",To which gender identity do you most identify?,"","",,English,Maze Questionnaire,User Research,People,Demographics,Demographics,Open-ended answers,,,maze_158,NA
82168f03dc9d,Which best describes the type of company you're part of?,text,"",Which best describes the type of company you're part of?,"","",,English,Maze Questionnaire,User Research,People,Demographics,Demographics,Open-ended answers,,,maze_159,NA
7b792c000328,What's your relationship like with [TOPIC]?,text,"",What's your relationship like with [TOPIC]?,"","",,English,Maze Questionnaire,User Research,People,Demographics,Demographics,Open-ended answers,,,maze_160,NA
c1241be2d457,Describe who you might collaborate with when doing [TASK]?,text,"",Describe who you might collaborate with when doing [TASK]?,"","",,English,Maze Questionnaire,User Research,"People, Task","Recall, Useful","Recall, Useful",Open-ended answers,,,maze_161,NA
3b4177509064,How important is saving time when completing [TASK]?,text,"",How important is saving time when completing [TASK]?,"","",,English,Maze Questionnaire,User Research,Task,Desirable,Desirable,Open-ended answers,,,maze_162,NA
d56a524b7bf0,How much money are you currently spending to solve the problem?,text,"",How much money are you currently spending to solve the problem?,"","",,English,Maze Questionnaire,User Research,"Pain, Problem",Pricing,Pricing,Open-ended answers,,,maze_163,NA
5067eee7d491,How would you feel if we discontinued this feature?,text,"",How would you feel if we discontinued this feature?,"","",,English,Maze Questionnaire,User Research,Product,"Desirable, Sentiment, Valuable","Desirable, Sentiment, Valuable",Open-ended answers,,,maze_164,NA
1a36893d7c5f,Has your opinion on [PRODUCT] changed within the last 12 months?,text,"",Has your opinion on [PRODUCT] changed within the last 12 months?,"","",,English,Maze Questionnaire,User Research,Product,Sentiment,Sentiment,Open-ended answers,,,maze_165,NA
ab4988a179e9,What’s appealing or unappealing about this design? ,text,"",What’s appealing or unappealing about this design? ,"","",,English,Maze Questionnaire,User Research,Design,Sentiment,Sentiment,Open-ended answers,,,maze_166,NA
b818ada6e6e7,How valuable might this feature be in your workflow?,text,"",How valuable might this feature be in your workflow?,"","",,English,Maze Questionnaire,User Research,Adoption,"Desirable, Valuable","Desirable, Valuable",Open-ended answers,,,maze_167,NA
05547ed3bf71,Please indicate if you agree with the following statement. I can do my job efficiently when using this feature.,text,"",Please indicate if you agree with the following statement. I can do my job efficiently when using this feature.,"","",,English,Maze Questionnaire,User Research,"Product, Solution",Usable,Usable,Open-ended answers,,,maze_168,NA
609af5acc9bc,Please indicate if you agree with the following statement. It is easy to find the information I need.,text,"",Please indicate if you agree with the following statement. It is easy to find the information I need.,"","",,English,Maze Questionnaire,User Research,Task,Findable,Findable,Open-ended answers,,,maze_169,NA
927dca7f72c9,Please indicate if you agree with the following statement. The functionality is relevant to my needs.,text,"",Please indicate if you agree with the following statement. The functionality is relevant to my needs.,"","",,English,Maze Questionnaire,User Research,Solution,"Useful, Valuable","Useful, Valuable",Open-ended answers,,,maze_170,NA
c69294f779f8,What would motivated you to do [TASK]?,text,"",What would motivated you to do [TASK]?,"","",,English,Maze Questionnaire,User Research,Task,Motivation,Motivation,Open-ended answers,,,maze_171,NA
f04acb371401,In what scenario or context would you imagine yourself doing [TASK]?,text,"",In what scenario or context would you imagine yourself doing [TASK]?,"","",,English,Maze Questionnaire,User Research,Task,Expectation,Expectation,Open-ended answers,,,maze_172,NA
f8eb93d1b1fa,Please indicate if you agree with the following statement.  The messaging provides the right volume of information,text,"",Please indicate if you agree with the following statement.  The messaging provides the right volume of information,"","",,English,Maze Questionnaire,User Research,"Copy, Design","Clarity, Useful","Clarity, Useful",Open-ended answers,,,maze_173,NA
c7824406d89f,"Please give this feature a descriptive name, based on what it does.",text,"","Please give this feature a descriptive name, based on what it does.","","",,English,Maze Questionnaire,User Research,"Copy, Product","Clarity, Expectation","Clarity, Expectation",Open-ended answers,,,maze_174,NA
1fd0f98a7df3,What do you expect this screen will allow you to do?,text,"",What do you expect this screen will allow you to do?,"","",,English,Maze Questionnaire,User Research,Design,"Clarity, Expectation","Clarity, Expectation",Open-ended answers,,,maze_175,NA
ee8e7498fc95,Please summarize our product in three words.,text,"",Please summarize our product in three words.,"","",,English,Maze Questionnaire,User Research,"Copy, Product",Clarity,Clarity,Open-ended answers,,,maze_176,NA
ec7dd52837b4,What comes to mind when you think of [PRODUCT]? ,text,"",What comes to mind when you think of [PRODUCT]? ,"","",,English,Maze Questionnaire,User Research,Product,"Recall, Sentiment","Recall, Sentiment",Open-ended answers,,,maze_177,NA
8be272b3343e,How relevant is this feature to your daily life?,text,"",How relevant is this feature to your daily life?,"","",,English,Maze Questionnaire,User Research,"Adoption, Product","Useful, Valuable","Useful, Valuable",Open-ended answers,,,maze_178,NA
3310b9df58e3,How does this [FEATURE] compare to what you are currently using?,text,"",How does this [FEATURE] compare to what you are currently using?,"","",,English,Maze Questionnaire,User Research,"Design, Product, Solution",Sentiment,Sentiment,Open-ended answers,,,maze_179,NA
96e7b91d9c1c,What search terms did you use to find our site?,text,"",What search terms did you use to find our site?,"","",,English,Maze Questionnaire,User Research,Product,Findable,Findable,Open-ended answers,,,maze_180,NA
11f2b407ebd6,What did you come to this site to do today?,text,"",What did you come to this site to do today?,"","",,English,Maze Questionnaire,User Research,"Goal, Product",Expectation,Expectation,Open-ended answers,,,maze_181,NA
e639ce025535,Which other options did you consider before choosing [PRODUCT]?,text,"",Which other options did you consider before choosing [PRODUCT]?,"","",,English,Maze Questionnaire,User Research,Product,Competition,Competition,Open-ended answers,,,maze_182,NA
36d08686f1f6,What topics would you like to see us write about next?,text,"",What topics would you like to see us write about next?,"","",,English,Maze Questionnaire,User Research,Content,Opportunity,Opportunity,Open-ended answers,,,maze_183,NA
27989fe230e6,What other products would you like to see us offer?,text,"",What other products would you like to see us offer?,"","",,English,Maze Questionnaire,User Research,Product,Opportunity,Opportunity,Open-ended answers,,,maze_184,NA
15efb841b7a8,How useful was this section?,text,"",How useful was this section?,"","",,English,Maze Questionnaire,User Research,Design,"Sentiment, Valuable","Sentiment, Valuable",Open-ended answers,,,maze_185,NA
9c11b9777a4f,Did this article answer your question?,text,"",Did this article answer your question?,"","",,English,Maze Questionnaire,User Research,"Content, Solution","Clarity, Useful","Clarity, Useful",Open-ended answers,,,maze_186,NA
2e4f0640543b,Were you able to find the information you were looking for?,text,"",Were you able to find the information you were looking for?,"","",,English,Maze Questionnaire,User Research,"Design, Solution",Findable,Findable,Open-ended answers,,,maze_187,NA
adae8d107497,What other information would you like to see on this page?,text,"",What other information would you like to see on this page?,"","",,English,Maze Questionnaire,User Research,"Content, Copy","Opportunity, Useful","Opportunity, Useful",Open-ended answers,,,maze_188,NA
b7e133b7306d,How much information does the claim provide? ,text,"",How much information does the claim provide? ,"","",,English,Maze Questionnaire,User Research,"Content, Copy",Sentiment,Sentiment,Open-ended answers,,,maze_189,NA
9d1007274f27,How would you rate your overall experience on our site today?,text,"",How would you rate your overall experience on our site today?,"","",,English,Maze Questionnaire,User Research,Product,Sentiment,Sentiment,Open-ended answers,,,maze_190,NA
a5506c3711a6,Is there anything preventing you from signing up at this point?,text,"",Is there anything preventing you from signing up at this point?,"","",,English,Maze Questionnaire,User Research,"Adoption, Problem, Product","Desirable, Motivation, Sentiment, Valuable","Desirable, Motivation, Sentiment, Valuable",Open-ended answers,,,maze_191,NA
fb5032bc5447,What would change your mind about signing up for an account?,text,"",What would change your mind about signing up for an account?,"","",,English,Maze Questionnaire,User Research,"Adoption, Product, Solution","Motivation, Useful, Valuable","Motivation, Useful, Valuable",Open-ended answers,,,maze_192,NA
6fbd696a9fd2,How clear would you rate the pricing information shown on this page? ,text,"",How clear would you rate the pricing information shown on this page? ,"","",,English,Maze Questionnaire,User Research,Product,Pricing,Pricing,Open-ended answers,,,maze_193,NA
af988e1303d4,What could we do to make this site more useful?,text,"",What could we do to make this site more useful?,"","",,English,Maze Questionnaire,User Research,Design,"Desirable, Opportunity, Useful, Valuable","Desirable, Opportunity, Useful, Valuable",Open-ended answers,,,maze_194,NA
50e1553641fe,What is preventing you from starting a trial?,text,"",What is preventing you from starting a trial?,"","",,English,Maze Questionnaire,User Research,"Adoption, Problem, Product","Desirable, Motivation, Sentiment","Desirable, Motivation, Sentiment",Open-ended answers,,,maze_195,NA
fed6329df7b9,Is there anything preventing you from completing your purchase?,text,"",Is there anything preventing you from completing your purchase?,"","",,English,Maze Questionnaire,User Research,"Adoption, Problem, Product","Desirable, Motivation, Sentiment, Valuable","Desirable, Motivation, Sentiment, Valuable",Open-ended answers,,,maze_196,NA
3812cb96a4cf,Was there anything about the checkout process that we should improve?,text,"",Was there anything about the checkout process that we should improve?,"","",,English,Maze Questionnaire,User Research,"Product, Task","Desirable, Sentiment, Usable","Desirable, Sentiment, Usable",Open-ended answers,,,maze_197,NA
fa8e85d5b975,Was there anything that prevented you from your goals on the site?,text,"",Was there anything that prevented you from your goals on the site?,"","",,English,Maze Questionnaire,User Research,"Goal, Problem","Expectation, Sentiment, Usable","Expectation, Sentiment, Usable",Open-ended answers,,,maze_198,NA
80262373e04b,Anything else you'd like to add regarding our pricing?,text,"",Anything else you'd like to add regarding our pricing?,"","",,English,Maze Questionnaire,User Research,Product,"Pricing, Valuable, Wrap-up","Pricing, Valuable, Wrap-up",Open-ended answers,,,maze_199,NA
cd5229d813a7,What caught your attention about this site in your search results?,text,"",What caught your attention about this site in your search results?,"","",,English,Maze Questionnaire,User Research,"Content, Copy, Design","Findable, Recall, Sentiment","Findable, Recall, Sentiment",Open-ended answers,,,maze_200,NA
bfecba1a7139,What is the biggest influence on your purchasing decision?,text,"",What is the biggest influence on your purchasing decision?,"","",,English,Maze Questionnaire,User Research,Adoption,"Motivation, Useful","Motivation, Useful",Open-ended answers,,,maze_201,NA
55c35bc0e40f,What motivated you to purchase [PRODUCT]?,text,"",What motivated you to purchase [PRODUCT]?,"","",,English,Maze Questionnaire,User Research,"Adoption, Product",Motivation,Motivation,Open-ended answers,,,maze_202,NA
c7648bc19cf0,Please list the top three things that motivated you to use our product?,text,"",Please list the top three things that motivated you to use our product?,"","",,English,Maze Questionnaire,User Research,"Adoption, Product","Competition, Desirable, Motivation, Valuable","Competition, Desirable, Motivation, Valuable",Open-ended answers,,,maze_203,NA
12f3eecb284a,What was your biggest challenge in finding [PRODUCT] online?,text,"",What was your biggest challenge in finding [PRODUCT] online?,"","",,English,Maze Questionnaire,User Research,"Problem, Product",Findable,Findable,Open-ended answers,,,maze_204,NA
cd975cb81580,What's one feature we can add that would make our product indispensable to you?,text,"",What's one feature we can add that would make our product indispensable to you?,"","",,English,Maze Questionnaire,User Research,"Adoption, Product","Opportunity, Useful, Valuable","Opportunity, Useful, Valuable",Open-ended answers,,,maze_205,NA
64d72853a563,"Of these options, what's the next thing you think we should build?",text,"","Of these options, what's the next thing you think we should build?","","",,English,Maze Questionnaire,User Research,"Adoption, Product","Motivation, Opportunity","Motivation, Opportunity",Open-ended answers,,,maze_206,NA
6a8aa740c554,What do you see as your primary goal within your current role?,text,"",What do you see as your primary goal within your current role?,"","",,English,Maze Questionnaire,User Research,"Goal, People",Demographics,Demographics,Open-ended answers,,,maze_207,NA
951131f2b668,What do you see as your biggest challenge within your current role?,text,"",What do you see as your biggest challenge within your current role?,"","",,English,Maze Questionnaire,User Research,"People, Problem",Demographics,Demographics,Open-ended answers,,,maze_208,NA
59ef6198bcd1,What three words would you use to describe your personal approach to [TOPIC]?,text,"",What three words would you use to describe your personal approach to [TOPIC]?,"","",,English,Maze Questionnaire,User Research,People,Demographics,Demographics,Open-ended answers,,,maze_209,NA
7fc35fab19b0,"Thinking toward the future, how do you envision your current field might change over the next 5 years?",text,"","Thinking toward the future, how do you envision your current field might change over the next 5 years?","","",,English,Maze Questionnaire,User Research,People,Demographics,Demographics,Open-ended answers,,,maze_210,NA
9e0b1403c385,How supported do you feel [TOPIC] is by the leadership team in your organization?,text,"",How supported do you feel [TOPIC] is by the leadership team in your organization?,"","",,English,Maze Questionnaire,User Research,People,"Demographics, Sentiment, Valuable","Demographics, Sentiment, Valuable",Open-ended answers,,,maze_211,NA
5a29e02ce947,"When considering your average workload, how many projects are you typically working on at any given time?",text,"","When considering your average workload, how many projects are you typically working on at any given time?","","",,English,Maze Questionnaire,User Research,People,Demographics,Demographics,Open-ended answers,,,maze_212,NA
cd07096edff3,How do you define success when it comes to [GOAL]?,text,"",How do you define success when it comes to [GOAL]?,"","",,English,Maze Questionnaire,User Research,Goal,"Expectation, Sentiment","Expectation, Sentiment",Open-ended answers,,,maze_213,NA
28b6eba50a95,For what types of projects do you tend to use our product over other tools?,text,"",For what types of projects do you tend to use our product over other tools?,"","",,English,Maze Questionnaire,User Research,"Adoption, Product",Competition,Competition,Open-ended answers,,,maze_214,NA
eba0bc6a2972,What do you enjoy most about using our product?,text,"",What do you enjoy most about using our product?,"","",,English,Maze Questionnaire,User Research,"Adoption, Product","Desirable, Sentiment, Valuable","Desirable, Sentiment, Valuable",Open-ended answers,,,maze_215,NA
1421e92e6526,What does this [feature] mean to you?,text,"",What does this [feature] mean to you?,"","",,English,Maze Questionnaire,User Research,Product,Clarity,Clarity,Open-ended answers,,,maze_216,NA
4c4a2c4f039e,What best describes your company’s funding stage?,text,"",What best describes your company’s funding stage?,"","",,English,Maze Questionnaire,User Research,People,Demographics,Demographics,Open-ended answers,,,maze_217,NA
e562f6c11580,Which of the following describes your role in decisions about [TOPIC] in your team or company?,text,"",Which of the following describes your role in decisions about [TOPIC] in your team or company?,"","",,English,Maze Questionnaire,User Research,People,Demographics,Demographics,Open-ended answers,,,maze_218,NA
ead3a56cffa8,What benefits do you think [PRODUCT] / [SERVICE] has?,text,"",What benefits do you think [PRODUCT] / [SERVICE] has?,"","",,English,Maze Questionnaire,User Research,Product,"Expectation, Sentiment, Valuable","Expectation, Sentiment, Valuable",Open-ended answers,,,maze_219,NA
f03228858e21,"When you’re thinking about buying [PRODUCT], what 3 brands come to mind?",text,"","When you’re thinking about buying [PRODUCT], what 3 brands come to mind?","","",,English,Maze Questionnaire,User Research,Product,"Competition, Recall","Competition, Recall",Open-ended answers,,,maze_220,NA
c5942b75f145,What types of products have you purchased online before? Select all that apply.,text,"",What types of products have you purchased online before? Select all that apply.,"","",,English,Maze Questionnaire,User Research,Product,Recall,Recall,Open-ended answers,,,maze_221,NA
cfa01f7545a3,Rate how probable you are to [ACTION].,text,"",Rate how probable you are to [ACTION].,"","",,English,Maze Questionnaire,User Research,People,"Motivation, Sentiment","Motivation, Sentiment",Open-ended answers,,,maze_222,NA
feffbe751072,Rate how [PRODUCT] performs or ranks as compared to others.,text,"",Rate how [PRODUCT] performs or ranks as compared to others.,"","",,English,Maze Questionnaire,User Research,Product,"Competition, Sentiment","Competition, Sentiment",Open-ended answers,,,maze_223,NA
0dc231492a7b,How exciting is [FEATURE] / [CONCEPT]?,text,"",How exciting is [FEATURE] / [CONCEPT]?,"","",,English,Maze Questionnaire,User Research,Product,"Desirable, Sentiment","Desirable, Sentiment",Open-ended answers,,,maze_224,NA
e5b9b41a1911,How unique is [FEATURE] / [CONCEPT]?,text,"",How unique is [FEATURE] / [CONCEPT]?,"","",,English,Maze Questionnaire,User Research,Product,Sentiment,Sentiment,Open-ended answers,,,maze_225,NA
8657ef37c050,What action was the webpage asking you to take?,text,"",What action was the webpage asking you to take?,"","",,English,Maze Questionnaire,User Research,"Copy, Task",Recall,Recall,Open-ended answers,,,maze_226,NA
7e8b8ba98884,What else do you remember from the webpage?,text,"",What else do you remember from the webpage?,"","",,English,Maze Questionnaire,User Research,"Copy, Task",Recall,Recall,Open-ended answers,,,maze_227,NA
141abaa1cca7,Would you use this [FEATURE] in future?,text,"",Would you use this [FEATURE] in future?,"","",,English,Maze Questionnaire,User Research,"Adoption, Product","Desirable, Motivation","Desirable, Motivation",Open-ended answers,,,maze_228,NA
638aaa3c84f3,Could you see yourself using this app regularly?,text,"",Could you see yourself using this app regularly?,"","",,English,Maze Questionnaire,User Research,"Adoption, Product","Desirable, Usable","Desirable, Usable",Open-ended answers,,,maze_229,NA
ac4c22a5f185,"Could you tell us what was unclear, or what was missing?",text,"","Could you tell us what was unclear, or what was missing?","","",,English,Maze Questionnaire,User Research,"Design, Product",Usable,Usable,Open-ended answers,,,maze_230,NA
cc731934b87a,What didn't work as expected?,text,"",What didn't work as expected?,"","",,English,Maze Questionnaire,User Research,"Design, Product",Expectation,Expectation,Open-ended answers,,,maze_231,NA
dfb457e41a6a,How much time does this cost your business?,text,"",How much time does this cost your business?,"","",,English,Maze Questionnaire,User Research,"Pain, Problem",Opportunity,Opportunity,Open-ended answers,,,maze_232,NA
59d1da71a410,What do you think the purpose of this [FEATURE] is?,text,"",What do you think the purpose of this [FEATURE] is?,"","",,English,Maze Questionnaire,User Research,Product,"Clarity, Expectation","Clarity, Expectation",Open-ended answers,,,maze_233,NA
10b232857ae1,"Thinking about the claim overall, which of the following best describes your feelings about it?",text,"","Thinking about the claim overall, which of the following best describes your feelings about it?","","",,English,Maze Questionnaire,User Research,"Copy, Design",Sentiment,Sentiment,Open-ended answers,,,maze_234,NA
b119d53137dd,How unique is the messaging claim?,text,"",How unique is the messaging claim?,"","",,English,Maze Questionnaire,User Research,"Copy, Design",Sentiment,Sentiment,Open-ended answers,,,maze_235,NA
d254b5c4574b,How relevant is the claim to what you need?,text,"",How relevant is the claim to what you need?,"","",,English,Maze Questionnaire,User Research,"Copy, Design, Solution",Sentiment,Sentiment,Open-ended answers,,,maze_236,NA
8a36f0e8f884,"In your own words, what does this message claim to provide?",text,"","In your own words, what does this message claim to provide?","","",,English,Maze Questionnaire,User Research,"Copy, Product",Clarity,Clarity,Open-ended answers,,,maze_237,NA
a39af9179191,How likely would you be to buy the product based on the claim?,text,"",How likely would you be to buy the product based on the claim?,"","",,English,Maze Questionnaire,User Research,"Content, Copy, Product","Desirable, Motivation, Sentiment, Valuable","Desirable, Motivation, Sentiment, Valuable",Open-ended answers,,,maze_238,NA
80274baefe7e,What are your favorite aspects of Concept A?,text,"",What are your favorite aspects of Concept A?,"","",,English,Maze Questionnaire,User Research,Design,"Recall, Sentiment","Recall, Sentiment",Open-ended answers,,,maze_239,NA
64da957f6222,What are your least favorite aspects of Concept A?,text,"",What are your least favorite aspects of Concept A?,"","",,English,Maze Questionnaire,User Research,Design,"Recall, Sentiment","Recall, Sentiment",Open-ended answers,,,maze_240,NA
a1b76b235c8c,How often would you use Concept A?,text,"",How often would you use Concept A?,"","",,English,Maze Questionnaire,User Research,"Adoption, Design","Desirable, Sentiment","Desirable, Sentiment",Open-ended answers,,,maze_241,NA
0c7868a3419e,How much would you pay for Concept A?,text,"",How much would you pay for Concept A?,"","",,English,Maze Questionnaire,User Research,Design,"Desirable, Sentiment, Valuable","Desirable, Sentiment, Valuable",Open-ended answers,,,maze_242,NA
248a09e1bb88,What else do you remember about the image?,text,"",What else do you remember about the image?,"","",,English,Maze Questionnaire,User Research,"Content, Design",Recall,Recall,Open-ended answers,,,maze_243,NA
c64c2c32c91c,Explore our new feature.,text,"",Explore our new feature.,"","",,English,Maze Questionnaire,User Research,Product,"Findable, Opportunity","Findable, Opportunity",Open-ended answers,,,maze_244,NA
f14799dcf9fc,I think that I would like to use [PRODUCT] frequently,text,"",I think that I would like to use [PRODUCT] frequently,"","",,English,Maze Questionnaire,User Research,"Adoption, Product","Desirable, Usable","Desirable, Usable",Open-ended answers,,,maze_245,NA
0372795c4557,I found this [PRODUCT] unnecessarily complex,text,"",I found this [PRODUCT] unnecessarily complex,"","",,English,Maze Questionnaire,User Research,"Adoption, Design, Product",Usable,Usable,Open-ended answers,,,maze_246,NA
163feedb011e,I think that I would need the support of a technical person to be able to use [PRODUCT],text,"",I think that I would need the support of a technical person to be able to use [PRODUCT],"","",,English,Maze Questionnaire,User Research,Product,"Usable, Useful","Usable, Useful",Open-ended answers,,,maze_247,NA
19660d093a6c,I found the various functions in [PRODUCT] were well integrated,text,"",I found the various functions in [PRODUCT] were well integrated,"","",,English,Maze Questionnaire,User Research,"Adoption, Design, Product",Usable,Usable,Open-ended answers,,,maze_248,NA
0712416ec0c6,What do you want to achieve by using this product?,text,"",What do you want to achieve by using this product?,"","",,English,Maze Questionnaire,User Research,"Goal, Product, Solution",Motivation,Motivation,Open-ended answers,,,maze_249,NA
1f1b020560b2,"Based on this tagline, what do you think [COMPANY] does?",text,"","Based on this tagline, what do you think [COMPANY] does?","","",,English,Maze Questionnaire,User Research,"Content, Copy, Product","Clarity, Expectation","Clarity, Expectation",Open-ended answers,,,maze_250,NA
1fa659d4c0f9,Were there any cards or categories that you felt were unclear or hard to understand?,text,"",Were there any cards or categories that you felt were unclear or hard to understand?,"","",,English,Maze Questionnaire,User Research,Design,"Clarity, Findable, Usable","Clarity, Findable, Usable",Open-ended answers,,,maze_251,NA
c8857ebf35eb,Were there any cards that you feel didn’t belong to any of the categories?,text,"",Were there any cards that you feel didn’t belong to any of the categories?,"","",,English,Maze Questionnaire,User Research,Design,"Clarity, Findable, Usable","Clarity, Findable, Usable",Open-ended answers,,,maze_252,NA
6910977ddd0d,Would you rename any of the categories?,text,"",Would you rename any of the categories?,"","",,English,Maze Questionnaire,User Research,"Copy, Design","Clarity, Findable","Clarity, Findable",Open-ended answers,,,maze_253,NA
5cf58f393bd1,How do you currently solve [PROBLEM]?,text,"",How do you currently solve [PROBLEM]?,"","",,English,Maze Questionnaire,User Research,Solution,Opportunity,Opportunity,Open-ended answers,,,maze_254,NA
a7705b58136a,Which of the following have you used to solve [PROBLEM]?,text,"",Which of the following have you used to solve [PROBLEM]?,"","",,English,Maze Questionnaire,User Research,Solution,Opportunity,Opportunity,Open-ended answers,,,maze_255,NA
b8ebd7df7dc3,How much would you pay for [SERVICE]?,text,"",How much would you pay for [SERVICE]?,"","",,English,Maze Questionnaire,User Research,Adoption,"Pricing, Valuable","Pricing, Valuable",Open-ended answers,,,maze_256,NA
824f440368b3,"Did you feel the site offered too little information, too much information or just enough?",text,"","Did you feel the site offered too little information, too much information or just enough?","","",,English,Maze Questionnaire,User Research,"Content, Copy, Design","Clarity, Sentiment","Clarity, Sentiment",Open-ended answers,,,maze_257,NA
dc154e7ade35,What is the impact if you fail to solve this problem?,text,"",What is the impact if you fail to solve this problem?,"","",,English,Maze Questionnaire,User Research,"Pain, Solution","Expectation, Motivation, Opportunity","Expectation, Motivation, Opportunity",Open-ended answers,,,maze_258,NA
6fadd24fe70c,What’s missing from what you’ve tried already?,text,"",What’s missing from what you’ve tried already?,"","",,English,Maze Questionnaire,User Research,"Pain, Solution","Opportunity, Useful","Opportunity, Useful",Open-ended answers,,,maze_259,NA
c78293e892cd,"In your experience of this challenge, what would be the key area you'd look to alleviate first?",text,"","In your experience of this challenge, what would be the key area you'd look to alleviate first?","","",,English,Maze Questionnaire,User Research,"Pain, Solution","Motivation, Opportunity, Useful","Motivation, Opportunity, Useful",Open-ended answers,,,maze_260,NA
0a8cbf6421bc,Are you currently a paying customer of [PRODUCT]?,text,"",Are you currently a paying customer of [PRODUCT]?,"","",,English,Maze Questionnaire,User Research,"People, Product","Demographics, Pricing","Demographics, Pricing",Open-ended answers,,,maze_261,NA
e13b26fe83a2,At what price point would you consider [PRODUCT] a bargain?,text,"",At what price point would you consider [PRODUCT] a bargain?,"","",,English,Maze Questionnaire,User Research,Product,"Pricing, Valuable","Pricing, Valuable",Open-ended answers,,,maze_262,NA
40401c42a1a9,What would you consider to be a prohibitive cost for the [PRODUCT]?”,text,"",What would you consider to be a prohibitive cost for the [PRODUCT]?”,"","",,English,Maze Questionnaire,User Research,Product,"Pricing, Valuable","Pricing, Valuable",Open-ended answers,,,maze_263,NA
bb671de77d50,"When thinking about [PRODUCT] price point, what other product and service's comes to mind as a comparison?",text,"","When thinking about [PRODUCT] price point, what other product and service's comes to mind as a comparison?","","",,English,Maze Questionnaire,User Research,Product,"Competition, Pricing","Competition, Pricing",Open-ended answers,,,maze_264,NA
ab2dab9c704e,What are your thoughts on the current pricing?,text,"",What are your thoughts on the current pricing?,"","",,English,Maze Questionnaire,User Research,Product,Pricing,Pricing,Open-ended answers,,,maze_265,NA
00a7134611eb,How intuitive was it for you to get started with [PRODUCT]?,text,"",How intuitive was it for you to get started with [PRODUCT]?,"","",,English,Maze Questionnaire,User Research,Product,Usable,Usable,Open-ended answers,,,maze_266,NA
dd36aed0d822,"Overall, how valuable was the onboarding experience?",text,"","Overall, how valuable was the onboarding experience?","","",,English,Maze Questionnaire,User Research,Product,Usable,Usable,Open-ended answers,,,maze_267,NA
c2a3db1ab655,How clear did you find the information presented during the product onboarding?,text,"",How clear did you find the information presented during the product onboarding?,"","",,English,Maze Questionnaire,User Research,"Copy, Product",Clarity,Clarity,Open-ended answers,,,maze_268,NA
4ffaf101805a,"When thinking about the length of the product onboarding experience from start to finish, should it have been longer, shorter, or was it just about right?",text,"","When thinking about the length of the product onboarding experience from start to finish, should it have been longer, shorter, or was it just about right?","","",,English,Maze Questionnaire,User Research,Product,Sentiment,Sentiment,Open-ended answers,,,maze_269,NA
45968dbd7c6c,What else would have been useful to you to know in order to get started?,text,"",What else would have been useful to you to know in order to get started?,"","",,English,Maze Questionnaire,User Research,"Copy, Product","Opportunity, Useful","Opportunity, Useful",Open-ended answers,,,maze_270,NA
4686bc180aa0,What did you find most helpful on your journey?,text,"",What did you find most helpful on your journey?,"","",,English,Maze Questionnaire,User Research,"Adoption, Product, Task","Clarity, Sentiment, Usable","Clarity, Sentiment, Usable",Open-ended answers,,,maze_271,NA
4d157b935769,What are the activities you spent the most amount of time on?,text,"",What are the activities you spent the most amount of time on?,"","",,English,Maze Questionnaire,User Research,Task,Recall,Recall,Open-ended answers,,,maze_272,NA
20d8d16fc97d,"Which of the activities do you find add the most value, despite how much time they may take you to complete, and why?",text,"","Which of the activities do you find add the most value, despite how much time they may take you to complete, and why?","","",,English,Maze Questionnaire,User Research,Task,"Recall, Valuable","Recall, Valuable",Open-ended answers,,,maze_273,NA
9a94825919d0,What could be better about how you do this?,text,"",What could be better about how you do this?,"","",,English,Maze Questionnaire,User Research,"Problem, Solution, Task","Desirable, Opportunity","Desirable, Opportunity",Open-ended answers,,,maze_274,NA
c3c8e0e979b6,Do you find [PRODUCT] useful?,text,"",Do you find [PRODUCT] useful?,"","",,English,Maze Questionnaire,User Research,Product,"Sentiment, Valuable","Sentiment, Valuable",Open-ended answers,,,maze_275,NA
52e24424e939,What is your favorite thing about [PRODUCT]?,text,"",What is your favorite thing about [PRODUCT]?,"","",,English,Maze Questionnaire,User Research,Product,Sentiment,Sentiment,Open-ended answers,,,maze_276,NA
70bd98c59079,What do you think needs the most improvement?,text,"",What do you think needs the most improvement?,"","",,English,Maze Questionnaire,User Research,Product,"Expectation, Opportunity, Sentiment","Expectation, Opportunity, Sentiment",Open-ended answers,,,maze_277,NA
2b1171985a20,How comfortable are you with the product after the onboarding session?,text,"",How comfortable are you with the product after the onboarding session?,"","",,English,Maze Questionnaire,User Research,"Adoption, Product","Sentiment, Usable","Sentiment, Usable",Open-ended answers,,,maze_278,NA
ddd51f2e57c6,How well do you understand what is required of you on this page?,text,"",How well do you understand what is required of you on this page?,"","",,English,Maze Questionnaire,User Research,"Copy, Design, Task",Clarity,Clarity,Open-ended answers,,,maze_279,NA
95ff1725065f,What brought you to the website today?,text,"",What brought you to the website today?,"","",,English,Maze Questionnaire,User Research,"Goal, Product","Expectation, Motivation","Expectation, Motivation",Open-ended answers,,,maze_280,NA
3201a6e146c1,How likely are you to return to the website?,text,"",How likely are you to return to the website?,"","",,English,Maze Questionnaire,User Research,Product,"Expectation, Motivation, Sentiment, Valuable","Expectation, Motivation, Sentiment, Valuable",Open-ended answers,,,maze_281,NA
04d029c1930e,What is the primary reason for your score?,text,"",What is the primary reason for your score?,"","",,English,Maze Questionnaire,User Research,Product,Sentiment,Sentiment,Open-ended answers,,,maze_282,NA
02bbfc86d581,What's the one thing we could do to make [PRODUCT] better?,text,"",What's the one thing we could do to make [PRODUCT] better?,"","",,English,Maze Questionnaire,User Research,Product,"Opportunity, Sentiment","Opportunity, Sentiment",Open-ended answers,,,maze_283,NA
81ff5400f8ee,Which phrases from the description make you feel more confident about using the service?,text,"",Which phrases from the description make you feel more confident about using the service?,"","",,English,Maze Questionnaire,User Research,"Content, Copy",Sentiment,Sentiment,Open-ended answers,,,maze_284,NA
d4173ddeabc9,Which phrases from the description make you feel less confident about using the service?,text,"",Which phrases from the description make you feel less confident about using the service?,"","",,English,Maze Questionnaire,User Research,"Content, Copy",Sentiment,Sentiment,Open-ended answers,,,maze_285,NA
4d9375c47914,"What do you need to plan for, or what decisions do you need to make before you begin [JTBD]?",text,"","What do you need to plan for, or what decisions do you need to make before you begin [JTBD]?","","",,English,Maze Questionnaire,User Research,Task,"Motivation, Useful","Motivation, Useful",Open-ended answers,,,maze_286,NA
91f2eeb5ef8c,How many times in the last [TIME FRAME] did you look to [JTBD]?,text,"",How many times in the last [TIME FRAME] did you look to [JTBD]?,"","",,English,Maze Questionnaire,User Research,Task,Recall,Recall,Open-ended answers,,,maze_287,NA
175d1a08924c,About how many times have you visited the website in the past month?,text,"",About how many times have you visited the website in the past month?,"","",,English,Maze Questionnaire,User Research,Product,Recall,Recall,Open-ended answers,,,maze_288,NA
52b4a2c7cfa1,How important is it for you to be able to [JTBD]?,text,"",How important is it for you to be able to [JTBD]?,"","",,English,Maze Questionnaire,User Research,Task,"Motivation, Sentiment, Useful","Motivation, Sentiment, Useful",Open-ended answers,,,maze_289,NA
620e5acf3ad1,"What is your biggest challenge, frustration or problem with this [JTBD]?",text,"","What is your biggest challenge, frustration or problem with this [JTBD]?","","",,English,Maze Questionnaire,User Research,"Pain, Task","Opportunity, Sentiment","Opportunity, Sentiment",Open-ended answers,,,maze_290,NA
a0c599265890,What would enable you to accomplish this task more effectively?,text,"",What would enable you to accomplish this task more effectively?,"","",,English,Maze Questionnaire,User Research,"Solution, Task","Opportunity, Usable","Opportunity, Usable",Open-ended answers,,,maze_291,NA
ca52cc8bbe7a,How much does successfully completing this task save the business?,text,"",How much does successfully completing this task save the business?,"","",,English,Maze Questionnaire,User Research,"Goal, Solution","Desirable, Motivation, Opportunity, Valuable","Desirable, Motivation, Opportunity, Valuable",Open-ended answers,,,maze_292,NA
f612f1fe19d1,How well does [PRODUCT] help you [GOAL] / [TASK]?,text,"",How well does [PRODUCT] help you [GOAL] / [TASK]?,"","",,English,Maze Questionnaire,User Research,"Goal, Product, Task","Sentiment, Usable","Sentiment, Usable",Open-ended answers,,,maze_293,NA
4f3563f7df46,How customized is [PRODUCT] to your interests and needs?,text,"",How customized is [PRODUCT] to your interests and needs?,"","",,English,Maze Questionnaire,User Research,Product,"Desirable, Sentiment, Valuable","Desirable, Sentiment, Valuable",Open-ended answers,,,maze_294,NA
8ec673ed3066,What kinds of collaborative projects have you been involved with in the past?,text,"",What kinds of collaborative projects have you been involved with in the past?,"","",,English,Maze Questionnaire,User Research,People,Demographics,Demographics,Open-ended answers,,,maze_295,NA
425399bdd0b0,How reliable is the performance of [FEATURE]?,text,"",How reliable is the performance of [FEATURE]?,"","",,English,Maze Questionnaire,User Research,Product,"Expectation, Sentiment","Expectation, Sentiment",Open-ended answers,,,maze_296,NA
6daf268d801b,Were you able to accomplish what you used [FEATURE] for?,text,"",Were you able to accomplish what you used [FEATURE] for?,"","",,English,Maze Questionnaire,User Research,"Goal, Product","Expectation, Sentiment, Usable","Expectation, Sentiment, Usable",Open-ended answers,,,maze_297,NA
1b3b7f8a06e9,What did you learn from this webpage?,text,"",What did you learn from this webpage?,"","",,English,Maze Questionnaire,User Research,"Content, Copy, Product",Clarity,Clarity,Open-ended answers,,,maze_298,NA
b3d3b135ad93,How relevant was the headline to you?,text,"",How relevant was the headline to you?,"","",,English,Maze Questionnaire,User Research,"Content, Copy, Product",Sentiment,Sentiment,Open-ended answers,,,maze_299,NA
426b4a5c5193,Did this version feel more or less engaging?,text,"",Did this version feel more or less engaging?,"","",,English,Maze Questionnaire,User Research,"Content, Copy, Design, Product",Sentiment,Sentiment,Open-ended answers,,,maze_300,NA
4e2118206e34,What do you think is the purpose of the email?,text,"",What do you think is the purpose of the email?,"","",,English,Maze Questionnaire,User Research,"Content, Copy, Goal",Clarity,Clarity,Open-ended answers,,,maze_301,NA
98cdbdc19a30,How much does the subject line resonate with you?,text,"",How much does the subject line resonate with you?,"","",,English,Maze Questionnaire,User Research,"Content, Copy, Goal",Sentiment,Sentiment,Open-ended answers,,,maze_302,NA
1b5c535ff4bf,How likely would you be to open an email with that subject line?,text,"",How likely would you be to open an email with that subject line?,"","",,English,Maze Questionnaire,User Research,"Copy, Goal, Task",Motivation,Motivation,Open-ended answers,,,maze_303,NA
41d364c28607,"Thinking about what the product offers, which of the following best describes your feelings about it?",text,"","Thinking about what the product offers, which of the following best describes your feelings about it?","","",,English,Maze Questionnaire,User Research,"Copy, Product, Solution","Desirable, Sentiment, Valuable","Desirable, Sentiment, Valuable",Open-ended answers,,,maze_304,NA
7dd86ca7ebe4,What is the main benefit you receive from [PRODUCT]?,text,"",What is the main benefit you receive from [PRODUCT]?,"","",,English,Maze Questionnaire,User Research,Product,"Desirable, Sentiment, Valuable","Desirable, Sentiment, Valuable",Open-ended answers,,,maze_305,NA
52b14a571f70,"How much time, on average, do you spend using [PRODUCT] within [TIME FRAME]?",text,"","How much time, on average, do you spend using [PRODUCT] within [TIME FRAME]?","","",,English,Maze Questionnaire,User Research,"Adoption, Product","Demographics, Recall","Demographics, Recall",Open-ended answers,,,maze_306,NA
591be2f91e6b,When thinking about [CONTEXT] what's your biggest priority right now?,text,"",When thinking about [CONTEXT] what's your biggest priority right now?,"","",,English,Maze Questionnaire,User Research,People,"Motivation, Useful","Motivation, Useful",Open-ended answers,,,maze_307,NA
39af5f726ee4,"When thinking about your overall experience, are we meeting your expectations?",text,"","When thinking about your overall experience, are we meeting your expectations?","","",,English,Maze Questionnaire,User Research,People,Expectation,Expectation,Open-ended answers,,,maze_308,NA
f5032d31cf74,What vertical best describes your company?,text,"",What vertical best describes your company?,"","",,English,Maze Questionnaire,User Research,People,Demographics,Demographics,Open-ended answers,,,maze_309,NA
9fee068a69b0,What type of information would assist you in making a more informed purchase decision?,text,"",What type of information would assist you in making a more informed purchase decision?,"","",,English,Maze Questionnaire,User Research,"Content, Copy, Design, Product","Motivation, Sentiment, Usable","Motivation, Sentiment, Usable",Open-ended answers,,,maze_310,NA
2bc4c81b4555,What is your biggest fear or concern about purchasing this [ITEM] or [SERVICE]?,text,"",What is your biggest fear or concern about purchasing this [ITEM] or [SERVICE]?,"","",,English,Maze Questionnaire,User Research,"Adoption, Problem, Product","Motivation, Pricing, Sentiment","Motivation, Pricing, Sentiment",Open-ended answers,,,maze_311,NA
4cdab1754960,Can you share what factors might motivate you to use [PRODUCT] more frequently?,text,"",Can you share what factors might motivate you to use [PRODUCT] more frequently?,"","",,English,Maze Questionnaire,User Research,"Adoption, Product",Motivation,Motivation,Open-ended answers,,,maze_312,NA
c5a93965ea1a,What's one feature we could add that would make our product indispensable for you?,text,"",What's one feature we could add that would make our product indispensable for you?,"","",,English,Maze Questionnaire,User Research,Product,"Desirable, Motivation, Opportunity, Valuable","Desirable, Motivation, Opportunity, Valuable",Open-ended answers,,,maze_313,NA
1a9b5633eccb,"If you could no longer use [PRODUCT], what’s the one thing you would miss the most?",text,"","If you could no longer use [PRODUCT], what’s the one thing you would miss the most?","","",,English,Maze Questionnaire,User Research,Product,"Desirable, Sentiment","Desirable, Sentiment",Open-ended answers,,,maze_314,NA
5516cf9b077f,Is there anything preventing you from upgrading at this point?,text,"",Is there anything preventing you from upgrading at this point?,"","",,English,Maze Questionnaire,User Research,"Adoption, Problem","Expectation, Sentiment","Expectation, Sentiment",Open-ended answers,,,maze_315,NA
ba1ed0ed07f1,What other content would you like to see us offer?,text,"",What other content would you like to see us offer?,"","",,English,Maze Questionnaire,User Research,Content,Desirable,Desirable,Open-ended answers,,,maze_316,NA
4dce6b3d0f55,What factors influenced your decision to join our list?,text,"",What factors influenced your decision to join our list?,"","",,English,Maze Questionnaire,User Research,Adoption,"Motivation, Sentiment, Valuable","Motivation, Sentiment, Valuable",Open-ended answers,,,maze_317,NA
ced3adf232c7,How would your scenario improve if this problem was resolved?,text,"",How would your scenario improve if this problem was resolved?,"","",,English,Maze Questionnaire,User Research,Solution,"Opportunity, Sentiment, Valuable","Opportunity, Sentiment, Valuable",Open-ended answers,,,maze_318,NA
63d97453b188,What are your initial impressions of the proposed solution?,text,"",What are your initial impressions of the proposed solution?,"","",,English,Maze Questionnaire,User Research,Solution,Sentiment,Sentiment,Open-ended answers,,,maze_319,NA
e3696f915782,Please describe your last experience with [COMPANY].,text,"",Please describe your last experience with [COMPANY].,"","",,English,Maze Questionnaire,User Research,People,Recall,Recall,Open-ended answers,,,maze_320,NA
db4aa5b388c3,Which skills are required to perform your job?,text,"",Which skills are required to perform your job?,"","",,English,Maze Questionnaire,User Research,People,Demographics,Demographics,Open-ended answers,,,maze_321,NA
850358ea5761,What strategies do you use to manage your time effectively?,text,"",What strategies do you use to manage your time effectively?,"","",,English,Maze Questionnaire,User Research,People,"Expectation, Recall","Expectation, Recall",Open-ended answers,,,maze_322,NA
6cb480920e96,What specific areas of [TASK] do you think require improvement?,text,"",What specific areas of [TASK] do you think require improvement?,"","",,English,Maze Questionnaire,User Research,Task,Opportunity,Opportunity,Open-ended answers,,,maze_323,NA
c9cbfc641517,What are your thoughts on the visual appeal of this logo?,text,"",What are your thoughts on the visual appeal of this logo?,"","",,English,Maze Questionnaire,User Research,Design,Sentiment,Sentiment,Open-ended answers,,,maze_324,NA
ec946bdc0c36,Would you change any of the colors of this logo? ,text,"",Would you change any of the colors of this logo? ,"","",,English,Maze Questionnaire,User Research,Design,Sentiment,Sentiment,Open-ended answers,,,maze_325,NA
3cc2cc6de9cc,How would you describe your impressions of this logo's distinctiveness and memorability?,text,"",How would you describe your impressions of this logo's distinctiveness and memorability?,"","",,English,Maze Questionnaire,User Research,Design,Sentiment,Sentiment,Open-ended answers,,,maze_326,NA
31c9e3701a54,What are your thoughts about both logo concepts you have seen?,text,"",What are your thoughts about both logo concepts you have seen?,"","",,English,Maze Questionnaire,User Research,Design,Sentiment,Sentiment,Open-ended answers,,,maze_327,NA
111c2f7cfbbe,What is your impression of the layout of the pricing page?,text,"",What is your impression of the layout of the pricing page?,"","",,English,Maze Questionnaire,User Research,Design,Pricing,Pricing,Open-ended answers,,,maze_328,NA
a39057b0cee9,What are your thoughts on the clarity of our pricing options?,text,"",What are your thoughts on the clarity of our pricing options?,"","",,English,Maze Questionnaire,User Research,"Content, Design",Clarity,Clarity,Open-ended answers,,,maze_329,NA
5d5a14d06134,Which features in this subscription tier are most important to you?,text,"",Which features in this subscription tier are most important to you?,"","",,English,Maze Questionnaire,User Research,"Content, Solution","Desirable, Pricing, Useful, Valuable","Desirable, Pricing, Useful, Valuable",Open-ended answers,,,maze_330,NA
ce2d0d6ebd35,What industry do you believe this company operates in?,text,"",What industry do you believe this company operates in?,"","",,English,Maze Questionnaire,User Research,Content,Expectation,Expectation,Open-ended answers,,,maze_331,NA
4f1392cccb81,What types of decisions do you frequently need to make when [SCENARIO]?,text,"",What types of decisions do you frequently need to make when [SCENARIO]?,"","",,English,Maze Questionnaire,User Research,"People, Task","Motivation, Useful","Motivation, Useful",Open-ended answers,,,maze_332,NA
a13c141e2f47,How do you decide which metrics to track?,text,"",How do you decide which metrics to track?,"","",,English,Maze Questionnaire,User Research,"People, Task","Sentiment, Useful, Valuable","Sentiment, Useful, Valuable",Open-ended answers,,,maze_333,NA
94d1314d3421,How do you prefer to purchase [PRODUCT]?,text,"",How do you prefer to purchase [PRODUCT]?,"","",,English,Maze Questionnaire,User Research,Product,Sentiment,Sentiment,Open-ended answers,,,maze_334,NA
8f9d7cf28875,Think about a frustrating experience you had when [ACTION]. What happened to make that experience frustrating?,text,"",Think about a frustrating experience you had when [ACTION]. What happened to make that experience frustrating?,"","",,English,Maze Questionnaire,User Research,"Pain, Problem",Sentiment,Sentiment,Open-ended answers,,,maze_335,NA
6865d106315e,How do you typically find information about this type of product?,text,"",How do you typically find information about this type of product?,"","",,English,Maze Questionnaire,User Research,"Content, Product",Findable,Findable,Open-ended answers,,,maze_336,NA
74946f4af501,What websites do you use to discover new products?,text,"",What websites do you use to discover new products?,"","",,English,Maze Questionnaire,User Research,Product,Findable,Findable,Open-ended answers,,,maze_337,NA
bdb4cc7884e7,Describe the process you follow when researching a product prior to purchase,text,"",Describe the process you follow when researching a product prior to purchase,"","",,English,Maze Questionnaire,User Research,"Content, Product",Useful,Useful,Open-ended answers,,,maze_338,NA
d657c512e1f6,What type of product do you research the most before purchase?,text,"",What type of product do you research the most before purchase?,"","",,English,Maze Questionnaire,User Research,"Adoption, Product",Useful,Useful,Open-ended answers,,,maze_339,NA
f3d6ae38dddb,What is the biggest difficulty you face when purchasing this type of product?,text,"",What is the biggest difficulty you face when purchasing this type of product?,"","",,English,Maze Questionnaire,User Research,"Pain, Problem, Product",Opportunity,Opportunity,Open-ended answers,,,maze_340,NA
c569ca44b6c6,What influences you to purchase a product online?,text,"",What influences you to purchase a product online?,"","",,English,Maze Questionnaire,User Research,Product,Motivation,Motivation,Open-ended answers,,,maze_341,NA
3695564be20a,What deters you from purchasing a product online?,text,"",What deters you from purchasing a product online?,"","",,English,Maze Questionnaire,User Research,"Pain, Problem, Product",Motivation,Motivation,Open-ended answers,,,maze_342,NA
e417c5ca9411,What is your preferred brand of this product?,text,"",What is your preferred brand of this product?,"","",,English,Maze Questionnaire,User Research,Product,Sentiment,Sentiment,Open-ended answers,,,maze_343,NA
efc54bd3a437,What factors do you consider when determining your budget for [PRODUCT]?,text,"",What factors do you consider when determining your budget for [PRODUCT]?,"","",,English,Maze Questionnaire,User Research,"Adoption, Product","Expectation, Pricing, Sentiment","Expectation, Pricing, Sentiment",Open-ended answers,,,maze_344,NA
f0562ccdc7de,In what ways could we assist you in using [PRODUCT] better?,text,"",In what ways could we assist you in using [PRODUCT] better?,"","",,English,Maze Questionnaire,User Research,"Adoption, Product","Opportunity, Useful","Opportunity, Useful",Open-ended answers,,,maze_345,NA
e3756643bf53,What aspects of our company's services would you suggest for improvement?,text,"",What aspects of our company's services would you suggest for improvement?,"","",,English,Maze Questionnaire,User Research,People,Sentiment,Sentiment,Open-ended answers,,,maze_346,NA
97eb3c665668,What is the main factor that influences your decision to switch brands?,text,"",What is the main factor that influences your decision to switch brands?,"","",,English,Maze Questionnaire,User Research,"Adoption, Product","Motivation, Valuable","Motivation, Valuable",Open-ended answers,,,maze_347,NA
d7d7ba5e8b26,How would you expect to use this new feature?,text,"",How would you expect to use this new feature?,"","",,English,Maze Questionnaire,User Research,"Adoption, Product",Expectation,Expectation,Open-ended answers,,,maze_348,NA
f808904eb871,What aspects of the new feature stimulate your interest?,text,"",What aspects of the new feature stimulate your interest?,"","",,English,Maze Questionnaire,User Research,Product,Sentiment,Sentiment,Open-ended answers,,,maze_349,NA
bc5c08ff544f,Has the new feature impacted your use of the product?,text,"",Has the new feature impacted your use of the product?,"","",,English,Maze Questionnaire,User Research,Product,"Sentiment, Valuable","Sentiment, Valuable",Open-ended answers,,,maze_350,NA
b2e5db499ba1,Can you recall any similar features you've encountered elsewhere?,text,"",Can you recall any similar features you've encountered elsewhere?,"","",,English,Maze Questionnaire,User Research,Product,Recall,Recall,Open-ended answers,,,maze_351,NA
afcc8ac6255a,How do you anticipate the new feature to affect your experience?,text,"",How do you anticipate the new feature to affect your experience?,"","",,English,Maze Questionnaire,User Research,Product,"Expectation, Valuable","Expectation, Valuable",Open-ended answers,,,maze_352,NA
8ede9ab3c9ca,What stands out to you about the promotional messaging for [PRODUCT]?,text,"",What stands out to you about the promotional messaging for [PRODUCT]?,"","",,English,Maze Questionnaire,User Research,"Content, Copy, Product",Sentiment,Sentiment,Open-ended answers,,,maze_353,NA
342b6fe087d5,"How would you explain [PRODUCT] to a friend, family member, or colleague?",text,"","How would you explain [PRODUCT] to a friend, family member, or colleague?","","",,English,Maze Questionnaire,User Research,Product,Sentiment,Sentiment,Open-ended answers,,,maze_354,NA
23cf13fe9219,What are your preferred communication channels for [PRODUCT] announcements?,text,"",What are your preferred communication channels for [PRODUCT] announcements?,"","",,English,Maze Questionnaire,User Research,Content,"Desirable, Sentiment","Desirable, Sentiment",Open-ended answers,,,maze_355,NA
ebd69799b4f8,What kind of additional resources would aid you in using [PRODUCT]?,text,"",What kind of additional resources would aid you in using [PRODUCT]?,"","",,English,Maze Questionnaire,User Research,"Adoption, Content, Product","Opportunity, Useful","Opportunity, Useful",Open-ended answers,,,maze_356,NA
892479554fe8,What companies or products do you perceive as our competitors?,text,"",What companies or products do you perceive as our competitors?,"","",,English,Maze Questionnaire,User Research,Product,Competition,Competition,Open-ended answers,,,maze_357,NA
a8aa762e0ea6,How does [PRODUCT] messaging compare to alternative products?,text,"",How does [PRODUCT] messaging compare to alternative products?,"","",,English,Maze Questionnaire,User Research,"Content, Copy, Product",Competition,Competition,Open-ended answers,,,maze_358,NA
a97e43bfb628,What are the unique strengths of our company in this field?,text,"",What are the unique strengths of our company in this field?,"","",,English,Maze Questionnaire,User Research,People,"Competition, Valuable","Competition, Valuable",Open-ended answers,,,maze_359,NA
9bd7d22a8a7d,"If [PRODUCT] wasn't an option, what would be your next choice?",text,"","If [PRODUCT] wasn't an option, what would be your next choice?","","",,English,Maze Questionnaire,User Research,Product,Competition,Competition,Open-ended answers,,,maze_360,NA
409ebbe66e66,What values do you believe [COMPANY] upholds?,text,"",What values do you believe [COMPANY] upholds?,"","",,English,Maze Questionnaire,User Research,People,"Sentiment, Valuable","Sentiment, Valuable",Open-ended answers,,,maze_361,NA
2d731e3b1846,"In terms of search keywords, what would you typically use to find a company similar to ours?",text,"","In terms of search keywords, what would you typically use to find a company similar to ours?","","",,English,Maze Questionnaire,User Research,Task,Findable,Findable,Open-ended answers,,,maze_362,NA
9c4612935c4f,"If we introduced [FEATURE], would you be interested in testing it?",text,"","If we introduced [FEATURE], would you be interested in testing it?","","",,English,Maze Questionnaire,User Research,"Adoption, Product",Desirable,Desirable,Open-ended answers,,,maze_363,NA
f360bc98a100,Is there something you expected from [PRODUCT] / [SERVICE] that you did not get?,text,"",Is there something you expected from [PRODUCT] / [SERVICE] that you did not get?,"","",,English,Maze Questionnaire,User Research,Product,Expectation,Expectation,Open-ended answers,,,maze_364,NA
30e626b2ce11,How does our website compare to other websites you shop from?,text,"",How does our website compare to other websites you shop from?,"","",,English,Maze Questionnaire,User Research,Product,Competition,Competition,Open-ended answers,,,maze_365,NA
fd7db73f4ded,What is a specific element of our service that exceeded your expectations and should always be incorporated in our offerings?,text,"",What is a specific element of our service that exceeded your expectations and should always be incorporated in our offerings?,"","",,English,Maze Questionnaire,User Research,Adoption,"Opportunity, Valuable","Opportunity, Valuable",Open-ended answers,,,maze_366,NA
5bc42c13c4e0,"When you think of our brand, what comes to mind?",text,"","When you think of our brand, what comes to mind?","","",,English,Maze Questionnaire,User Research,Design,"Clarity, Sentiment","Clarity, Sentiment",Open-ended answers,,,maze_367,NA
df84408711ea,Which of the following best describes your level of need for this product?,text,"",Which of the following best describes your level of need for this product?,"","",,English,Maze Questionnaire,User Research,Product,Useful,Useful,Open-ended answers,,,maze_368,NA
fb237d120d1a,How often might you use this product?,text,"",How often might you use this product?,"","",,English,Maze Questionnaire,User Research,Product,"Motivation, Useful","Motivation, Useful",Open-ended answers,,,maze_369,NA
bec2af49ecaa,What is your perception of the narrative presented on our website?,text,"",What is your perception of the narrative presented on our website?,"","",,English,Maze Questionnaire,User Research,"Content, Copy","Clarity, Sentiment","Clarity, Sentiment",Open-ended answers,,,maze_370,NA
9b563b2849cb,Which other products or brands do you believe we could learn from?,text,"",Which other products or brands do you believe we could learn from?,"","",,English,Maze Questionnaire,User Research,Product,"Competition, Sentiment","Competition, Sentiment",Open-ended answers,,,maze_371,NA
0f96beef43b4,How would you rate the level of support you've received?,text,"",How would you rate the level of support you've received?,"","",,English,Maze Questionnaire,User Research,"People, Solution","Sentiment, Valuable","Sentiment, Valuable",Open-ended answers,,,maze_372,NA
a9159fa36c28,Are you following [COMPANY] on social media?,text,"",Are you following [COMPANY] on social media?,"","",,English,Maze Questionnaire,User Research,Content,"Desirable, Sentiment","Desirable, Sentiment",Open-ended answers,,,maze_373,NA
c56c173fc111,Do you read [COMPANY] blog?,text,"",Do you read [COMPANY] blog?,"","",,English,Maze Questionnaire,User Research,Content,"Desirable, Sentiment","Desirable, Sentiment",Open-ended answers,,,maze_374,NA
f2e7eb3a5b62,What type of content do you consume the most?,text,"",What type of content do you consume the most?,"","",,English,Maze Questionnaire,User Research,Content,"Desirable, Sentiment","Desirable, Sentiment",Open-ended answers,,,maze_375,NA
0114454a7d61,What are your motivations for consuming new content?,text,"",What are your motivations for consuming new content?,"","",,English,Maze Questionnaire,User Research,Content,"Motivation, Valuable","Motivation, Valuable",Open-ended answers,,,maze_376,NA
631fb2fb6dfb,How do you usually discover new content?,text,"",How do you usually discover new content?,"","",,English,Maze Questionnaire,User Research,Content,Findable,Findable,Open-ended answers,,,maze_377,NA
8c7606040417,Have you ever consumed any content from [COMPANY]?,text,"",Have you ever consumed any content from [COMPANY]?,"","",,English,Maze Questionnaire,User Research,Content,Recall,Recall,Open-ended answers,,,maze_378,NA
6364a627d983,How would you describe your perception of the content from [COMPANY]?,text,"",How would you describe your perception of the content from [COMPANY]?,"","",,English,Maze Questionnaire,User Research,Content,"Recall, Sentiment","Recall, Sentiment",Open-ended answers,,,maze_379,NA
4a9f5863329b,What type of content would you like to see from [COMPANY] in the future?,text,"",What type of content would you like to see from [COMPANY] in the future?,"","",,English,Maze Questionnaire,User Research,Content,Desirable,Desirable,Open-ended answers,,,maze_380,NA
445e1deec3f6,Do you have specific content needs related to your industry?,text,"",Do you have specific content needs related to your industry?,"","",,English,Maze Questionnaire,User Research,Content,Useful,Useful,Open-ended answers,,,maze_381,NA
a196c983342d,"If you were looking to [TASK], where in this design would you expect to start?",text,"","If you were looking to [TASK], where in this design would you expect to start?","","",,English,Maze Questionnaire,User Research,"Design, Task","Expectation, Findable","Expectation, Findable",Open-ended answers,,,maze_382,NA
e7d6b407b116,Describe a time you encountered difficulties with [TASK]?,text,"",Describe a time you encountered difficulties with [TASK]?,"","",,English,Maze Questionnaire,User Research,"Pain, Task","Opportunity, Recall","Opportunity, Recall",Open-ended answers,,,maze_383,NA
da6dd162ebdd,For what types of projects do you use our product over other tools?,text,"",For what types of projects do you use our product over other tools?,"","",,English,Maze Questionnaire,User Research,"Adoption, Task","Competition, Valuable","Competition, Valuable",Open-ended answers,,,maze_384,NA
65601e3d1445,How often do you use your local Green Space? (insert name of specific project/space),select_one,,How often do you use your local Green Space? (insert name of specific project/space),"Frequently
Sometimes
Rarely
Never","",,English,Prove It,,,,,,,,green_space_usage,NA
ef25dda3698a,I think that my (project related) is more attractive than it was six months ago (or replace for time period relevant to project),select_one,,I think that my (project related) is more attractive than it was six months ago (or replace for time period relevant to project),"Strongly Agree
Agree
Not sure
Disagree
Strongly Disagree","",,English,Prove It,,,,,,,,attractiveness_change,NA
91acf0b6f255,I feel safe out and about in (PROJECT AREA) during the day.,select_one,,I feel safe out and about in (PROJECT AREA) during the day.,"Strongly Agree
Agree
Not sure
Disagree
Strongly Disagree","",,English,Prove It,,,,,,,,safety_day,NA
2996440aec19,I feel safe out and about in (PROJECT AREA) at night.,select_one,,I feel safe out and about in (PROJECT AREA) at night.,"Strongly Agree
Agree
Not sure
Disagree
Strongly Disagree","",,English,Prove It,,,,,,,,safety_night,NA
c56755f2a224,How would you say that the amount of local crime has changed over the past (PROJECT SPECIFIC)?,select_one,,How would you say that the amount of local crime has changed over the past (PROJECT SPECIFIC)?,"Increased a lot more
Increased a little more
Not Changed at all
Decreased a little
Decreased a lot","",,English,Prove It,,,,,,,,crime_change,NA
fc193907461d,I feel I could help change attitudes around here.,select_one,,I feel I could help change attitudes around here.,"Strongly Agree
Agree
Not sure
Disagree
Strongly Disagree","",,English,Prove It,,,,,,,,change_attitudes,NA
539a8a3c0f38,I feel I could help improve things around here.,select_one,,I feel I could help improve things around here.,"Strongly Agree
Agree
Not Sure
Disagree
Strongly Disagree","",,English,Prove It,,,,,,,,improve_things,NA
71c256c3f51d,I feel this project has given me the tools I need to participate in making decisions about my community.,select_one,,I feel this project has given me the tools I need to participate in making decisions about my community.,"Strongly Agree
Agree
Not Sure
Disagree
Strongly Disagree","",,English,Prove It,,,,,,,,decision_tools,NA
c0f3c06fd8e3,Local Community Groups,select_multiple,,Local Community Groups,"Yes
Not Sure
No","If you did want to change things around here, do you know who to contact to help you in the following groups…?",,English,Prove It,,,,,,,,contact_groups_4a,NA
703b4e4bca58,At the council,select_multiple,,At the council,"Yes
Not Sure
No","If you did want to change things around here, do you know who to contact to help you in the following groups…?",,English,Prove It,,,,,,,,contact_groups_4b,NA
1a73a1270bfa,In other agencies like Groundwork,select_multiple,,In other agencies like Groundwork,"Yes
Not Sure
No","If you did want to change things around here, do you know who to contact to help you in the following groups…?",,English,Prove It,,,,,,,,contact_groups_4c,NA
ba51008aae5d,Among people in the neighbourhood,select_multiple,,Among people in the neighbourhood,"Yes
Not Sure
No","If you did want to change things around here, do you know who to contact to help you in the following groups…?",,English,Prove It,,,,,,,,contact_groups_4d,NA
260d88b0b3fc,A new person of different age from me,select_multiple,,A new person of different age from me,"A great deal
Some
No","As part of my participation in this project, I have had conversations with",,English,Prove It,,,,,,,,conversations_5a,NA
25e630ca20b7,A new person of a different ethnic background,select_multiple,,A new person of a different ethnic background,"A great deal
Some
No","As part of my participation in this project, I have had conversations with",,English,Prove It,,,,,,,,conversations_5b,NA
e0a97a08d69f,Members of the Local Council,select_multiple,,Members of the Local Council,"A great deal
Some
No","As part of my participation in this project, I have had conversations with",,English,Prove It,,,,,,,,conversations_5c,NA
69b9a930e02c,People from other communities,select_multiple,,People from other communities,"A great deal
Some
No","As part of my participation in this project, I have had conversations with",,English,Prove It,,,,,,,,conversations_5d,NA
249823079ee9,Would you say that most of your friends live in this neighbourhood?,select_one,,Would you say that most of your friends live in this neighbourhood?,"Yes
No
Don't Know","",,English,Prove It,,,,,,,,friends_neighbourhood,NA
190de1e499ee,Do you think that your neighbours act in your best interests?,select_one,,Do you think that your neighbours act in your best interests?,"Yes
No
Don't Know","",,English,Prove It,,,,,,,,neighbours_interests,NA
4f0fc6380c5e,Do you trust your local council to act in your best interest?,select_one,,Do you trust your local council to act in your best interest?,"Yes
No
Don't Know","",,English,Prove It,,,,,,,,trust_council,NA
23d1791af716,Are your neighbours willing to help each other out?,select_one,,Are your neighbours willing to help each other out?,"Yes
No
Don't Know","",,English,Prove It,,,,,,,,neighbours_help,NA
